press,title,tokenized
한국경제TV,다시 '전기차'..코로나 끝나면 달릴까?,"['다시', '전기차', '코로나']"
경향신문,"전기차, 알고 타면 '기똥차'","['전기차', '알', '똥차']"
동아일보,지금까지 없던 '진짜 전기차'가 몰려온다,"['지금', '진짜', '전기차']"
디지털타임스,벤츠 첫 전기차 '더 뉴 EQC' 실제로 몰아봤더니 ..,"['벤츠', '첫', '전기차', '더', '뉴', '실제']"
한겨레,"전기차 배터리의 질주, 2025년 반도체 뛰어넘는다","['전기차', '배터리', '질주', '반도체']"
KBS,"전기차 충전, 느려서 문제인데 ""느린 게 답""이라고요?","['전기차', '충전', '문제', '게', '답']"
세계일보,2021년 보조금 축소 전망.. '가성비' 중저가 전기차로 시선 돌린다,"['보조금', '축소', '전망', '가성', '비', '중', '저가', '전기차', '시선']"
중앙일보,정의선·구광모도 만났다 '전기차 4자 동맹' 뜨나,"['정의선', '구광모', '전기차', '자', '동맹']"
문화일보,엔진車 갈수록 커지는데.. 전기차는 소형이 대세,"['엔진', '갈수록', '전기차', '소형', '대세']"
SBS,위장 전입에 속수무책..뻥 뚫린 전기차 구매 보조금,"['위장', '전입', '속수무책', '뻥', '전기차', '구매', '보조금']"
오토타임즈,"[하이빔]전기차 혁명, 영역 파괴는 시작됐다","['하이', '빔', '전기차', '혁명', '영역', '파괴', '시작']"
머니투데이,예전의 '아이오닉'은 잊어라..속까지 '진짜' 전기차가 온다,"['예전', '아이오', '닉', '은', '속', '진짜', '전기차']"
중앙일보,"푸조 전기차 e-208, 탈수록 주행가능거리가 늘어난다?","['푸조', '전기차', '주행', '가능', '거리']"
한겨레,EU 환경규제 내년 대폭 강화..전기차 대중화 '액셀' 밟나,"['환경', '규제', '내년', '대폭', '강화', '전기차', '대중화', '액셀']"
오마이뉴스,"'유럽 1등' 르노 전기차 '조에', 한국에서 먹힐까","['유럽', '르노', '전기차', '조', '한국']"
매일경제,"기아차, 전기차·모빌리티 양대축 키운다","['기아차', '전기차', '모빌리티', '축']"
동아사이언스,전기차 플랫폼 연구 '한우물'..지역 수평 협력네트워크 이끈다,"['전기차', '플랫폼', '연구', '한우물', '지역', '수평', '협력', '네트워크']"
머니투데이,'무법천지'된 전기차 주차장..일반차 주차해도 속수무책,"['무법천지', '전기차', '주차장', '일반', '차', '주차', '속수무책']"
오토타임즈,올해 글로벌 출시를 앞둔 전기차 10종,"['올해', '글로벌', '출시', '전기차', '종']"
조선비즈,"'올해 유일 모터쇼' 열린 베이징, 화두는 전기차","['올해', '유일', '모터쇼', '베이징', '화두', '전기차']"
KBS,바이든 2천조 '그린뉴딜'에 K-배터리·전기차 준비됐나?,"['바이든', '그린', '뉴딜', '배터리', '전기차', '준비']"
조선비즈,[시승기] 아우디는 첫 전기차 e-트론을 어떻게 만들었나,"['승기', '아우디', '첫', '전기차', '트론']"
중앙일보,"'전기차 황제' 머스크, 왜 상하이서 재킷 벗어던지고 막춤췄나","['전기차', '황제', '머스크', '왜', '상하이', '재킷', '막춤']"
전자신문,테슬라·벤츠 잡을 제네시스 첫 '전기차 전용 SUV' 내년 6월 양산,"['테슬라', '벤츠', '잡', '제네시스', '첫', '전기차', '전용', '내년', '양산']"
조선비즈,"미국차도 유럽차도, ""전기차는 이르니 하이브리드부터""","['미국', '차도', '유럽', '차도', '전기차', '하이브리드']"
경향신문,코로나19에도 훨훨 나는 전기차,"['코로나', '훨훨', '나', '전기차']"
MBC,'초소형'이 소형보다 비싸다?..이상한 전기차 보조금,"['초소', '이', '소형', '전기차', '보조금']"
중앙일보,'1억' 럭셔리 전기차 승자는?..'완판' 아우디 웃었다,"['럭셔리', '전기차', '승자', '완판', '아우디']"
연합뉴스,"LG전자, 캐나다 마그나와 전기차 파워트레인 합작사 세운다(종합)","['전자', '캐나다', '마', '그나', '전기차', '파워', '트레인', '합작', '사', '종합']"
중앙일보,미래 전기차 주도권 달렸다..SK·LG '피터지게' 싸우는 이유,"['미래', '전기차', '주도', '이유']"
신동아,"쌍용 첫 전기차 'E100', 부활의 '전기충격기' 될까","['쌍용', '첫', '전기차', '부활', '전기충격기']"
연합뉴스,"유럽·중국, 전기차 배터리 공세 확대..'K-배터리'에도 부담","['유럽', '중국', '전기차', '배터리', '공세', '확대', '배터리', '부담']"
동아일보,테슬라의 질주와 한국 전기차의 미래[동아 시론/이상근],"['테슬라', '질주', '한국', '전기차', '미래', '동아', '시론', '이상근']"
조선비즈,탈원전에 충전료 4배 인상.. 전기차가 뒤집어졌다,"['탈', '원전', '충전', '료', '배', '인상', '전기차']"
오토타임즈,"푸조 ""언제까지 주행거리 따질래? 전기차도 예뻐야지""","['푸조', '언제', '주행', '거리', '전기차']"
조선비즈,세계는 '전기차 배터리' 전쟁..韓·中·獨 유럽서 격돌,"['세계', '전기차', '배터리', '전쟁', '유럽', '격돌']"
한겨레,"""전기차 판매 2036년 내연차 앞지른다""..변수는 저유가","['전기차', '판매', '연차', '앞', '변수', '유가']"
세계일보,車산업 인프라 적극 활용 '전기차 메카' 꿈꾼다,"['산업', '인프라', '적극', '활용', '전기차', '메카']"
조선일보,"전기차株, 비트코인처럼 널뛰기","['전기차', '비트코인', '널뛰기']"
프레시안,"코로나19 이후 전기차 시장 성장, 왜?","['코로나', '이후', '전기차', '시장', '성장', '왜']"
연합뉴스,전기차는 늘어나는데..충전 인프라 확충은 '느릿',"['전기차', '충전', '인프라', '확충', '느릿']"
오토타임즈,"국내 전기차 판매 톱5, 1위는 '코나 일렉트릭'","['국내', '전기차', '판매', '톱', '위', '코', '렉', '트릭']"
IT동아,양산차 제조사의 전기차는 일반 자동차보다 성능이 낮을까?,"['산차', '제조', '사의', '전기차', '일반', '자동차', '성능']"
한겨레,"""유럽 기준 -100km""..한국 오면 짧아지는 '전기차 주행거리'의 비밀","['유럽', '기준', '한국', '전기차', '주행', '거리', '의', '비밀']"
중앙일보,"전기차 트럭, 테슬라도 팔 걷었지만 ""완충 2시간"" 차주들 허탈","['전기차', '트럭', '테슬라', '팔', '완충', '차주', '허탈']"
연합뉴스,"""미래 생존 희망은 전기차""..중국서 '합종연횡' 치열","['미래', '생존', '희망', '전기차', '중국', '합종연횡', '치열']"
KBS,"잘 나가는 전기차, 몇 명이 만들어요?..친환경차 시대 일자리는?","['전기차', '몇', '명', '친환', '경차', '시대', '일자리']"
KBS,[친절한 경제] 미세먼지 내뿜는 이륜차..초소형 전기차가 답?,"['경제', '미세먼지', '내뿜는', '이륜차', '초소', '전기차', '답']"
중앙일보,배터리는 10일이 분수령..전기차 확산 원년인데 '발 동동',"['배터리', '분수령', '전기차', '확산', '원년', '발', '동동']"
한국경제,"애플 전기차 ""만든다 vs 안 만든다""..갑론을박 [김현석의 월스트리트나우]","['애플', '전기차', '안', '갑론', '박', '김현석', '월스트리트', '나우']"
중앙일보,"전기차 빅뱅..2020년을 잡는 자, 모빌리티의 미래 주도한다","['전기차', '빅뱅', '자', '모빌리티', '미래']"
전자신문,[사설]검토 필요한 전기차 충전요금,"['사설', '검토', '전기차', '충전', '요금']"
시사저널,'전기차 시대' 대전환기에 던져진 묵직한 질문들,"['전기차', '시대', '환기', '질문']"
MBN,"""전기차, 탄력받다 말아""..할인 종료 '설상가상'","['전기차', '탄력', '말', '할인', '종료', '설상가상']"
지디넷코리아,[분석] 주행거리 변화 없이 출시된 2020년형 코나 전기차,"['분석', '주행', '거리', '변화', '출시', '코', '전기차']"
연합뉴스,"바이든 시대 대세는 전기차?..서학개미, 관련주 1천억 사들여","['바이든', '시대', '대세', '전기차', '서학', '개미', '관련', '주']"
뉴시스,"GM, '얼티엄' 배터리·차세대플랫폼 공개..전기차 공략 강화","['얼티엄', '배터리', '차세대', '플랫폼', '공개', '전기차', '공략', '강화']"
지디넷코리아,"테슬라 모델 3, 상반기 국산 전기차 모두 제쳤다","['테슬라', '모델', '상반기', '국산', '전기차', '모두', '제']"
연합뉴스,"""금지"" vs ""허용""..아파트 전기차 충전구역 '주차 논란' 가열","['금지', '허용', '아파트', '전기차', '충전', '구역', '주차', '논란', '가열']"
중앙일보,"수천억 보조금 수혜..테슬라 전기차, 한국시장 쓸어간다","['보조금', '수혜', '테슬라', '전기차', '한국', '시장', '간다']"
연합뉴스,전기차 정기검사 때 배터리 확인..정비책임자 교육 의무화,"['전기차', '정기', '검사', '때', '배터리', '확인', '정비', '책임자', '교육', '의무']"
연합뉴스,"전경련 ""전기차 경쟁 심화..충전인프라 확충·자원개발 나서야""","['전경련', '전기차', '경쟁', '심화', '충전', '인프라', '확충', '자원', '개발']"
머니투데이,"아이폰 만드는 폭스콘, '전기차'도 만든다..삼성·LG는?","['아이폰', '폭스콘', '전기차', '도', '삼성']"
연합뉴스,테슬라보다 뜨거운 중국 전기차 주가..이달 230%↑ '거품' 논란,"['테슬라', '중국', '전기차', '주가', '달', '거품', '논란']"
노컷뉴스,"""코나 전기차 13대가 불에 탔다.. 못 밝히나 안 밝히나?""","['코', '전기차', '대가', '불', '못', '안']"
중앙일보,[2020 올해의 차] 미래의 모델하우스.. 전기차 인터페이스의 혁신성 빛나,"['올해', '차', '미래', '모델하우스', '전기차', '인터페이스', '혁신']"
조선비즈,"[전기차시대] ③ '엔진' 역할 하는 배터리 경쟁, 핵심 목표는 '더 싸게'","['전기차', '시대', '엔진', '역할', '배터리', '경쟁', '핵심', '목표', '더']"
지디넷코리아,"""전기차 충전 끝나면 즉시 출차""..충전 에티켓 전파 확산","['전기차', '충전', '즉시', '차', '충전', '에티켓', '전파', '확산']"
뉴시스,떠오르는 수소전기차..니콜라 대박에 시장확대 기대감↑,"['수소', '전기차', '니콜라', '대박', '시장', '확대', '대감']"
연합뉴스,정의선-최태원 이르면 7일 만난다..'전기차 회동' 마무리(종합),"['정의선', '최태원', '전기차', '회', '마무리', '종합']"
뉴시스,잇따른 동맹 구축..전기차 배터리 가격 떨어지나,"['동맹', '구축', '전기차', '배터리', '가격']"
중앙일보,"""4년내 전기차 시대"" 이 절박감이 4대총수 짝짓기 이끌었다","['전기차', '시대', '이', '절박', '감', '총수', '짝짓기']"
중앙SUNDAY,한 번 충전으로 서울~부산..'3세대 전기차' 개발 가속,"['번', '충전', '서울', '부산', '세대', '전기차', '개발', '가속']"
연합뉴스,정의선·구광모 첫 회동..미래 전기차 배터리 협력 논의(종합),"['정의선', '구광모', '첫', '회', '미래', '전기차', '배터리', '협력', '논의', '종합']"
머니투데이,남좋은 일만 한 '전기차 보조금'..너도나도 테슬라만 뽑았다,"['남', '일만', '전기차', '보조금', '도나', '테슬라']"
연합뉴스,"중국 전기차 토종 기업들, 중국시장서 테슬라 추격전 시동","['중국', '전기차', '토종', '기업', '중국', '시장', '테슬라', '추', '격전', '시동']"
연합뉴스,이재용-정의선 머리 맞댄 전고체 배터리는 '차세대 전기차 핵심',"['이재용', '정의선', '머리', '고체', '배터리', '차세대', '전기차', '핵심']"
중앙일보,전기차 엔진룸에 둥지 틀었다..그곳서 7남매 키운 '딱새 가족',"['전기차', '엔진룸', '둥지', '곳', '남매', '딱새', '가족']"
조선일보,[만물상] 전기차 화재,"['만물상', '전기차', '화재']"
국민일보,"SK이노, 2025년 전기차 배터리 '글로벌 1위' 전초 기지 부푼 꿈","['이노', '전기차', '배터리', '글로벌', '위', '전초', '기지', '꿈']"
연합뉴스,"""올해 전기차 배터리 출하 사상 첫 감소 전망..14% ↓""","['올해', '전기차', '배터리', '출하', '사상', '첫', '감소', '전망']"
전자신문,"[신차드라이브]""이게 전기차라고?""..현존 최강 '아우디 e-트론'","['신차', '드라이브', '이', '전기차', '존', '최강', '아우디', '트론']"
지디넷코리아,"小 주차장, 전기차 충전방해금지법 면제 왜?..정부 ""몰라""","['주차장', '전기차', '충전', '방해', '금지법', '면제', '왜', '정부']"
한국경제TV,'훨훨' 나는 전기차 시장..에코프로비엠-삼성SDI 합작법인 설립,"['훨훨', '나', '전기차', '시장', '에코', '프로비', '엠', '삼성', '합작', '법인', '설립']"
연합뉴스,中 CATL 200만km 달리는 전기차 배터리 개발..수명 16년,"['전기차', '배터리', '개발', '수명']"
전자신문,"[단독]테슬라, 韓 전기차 충전사업 '시동'..유료화 임박","['단독', '테슬라', '전기차', '충전', '사업', '시동', '유료', '임박']"
조선비즈,SUV도 전기차로.. 자율차 실내는 스위트룸처럼,"['도', '전기차', '자율', '차', '실내', '스위트룸']"
연합뉴스,전기차 싸지고 배터리 빌려 쓴다..5년 뒤 가격 1천만원↓,"['전기차', '배터리', '뒤', '가격']"
연합뉴스,'애플 전기차' 자체 배터리 기술 적용되나..K배터리 3사 '촉각',"['애플', '전기차', '자체', '배터리', '기술', '적용', '배터리', '사', '촉각']"
MBC,요금할인 사라지고 정비소 없고..전기차의 '역주행',"['요금', '할인', '정비', '소', '전기차', '역주행']"
전자신문,제네시스도 전기차 전환 가속..500km 달리는 'EV 버전' 나온다,"['제네시스', '전기차', '전환', '가속', '버전']"
중앙일보,전기차 배터리 중국 공장 10일이 고비,"['전기차', '배터리', '중국', '공장', '고비']"
YTN,자율주행 전기차 '애플 카'.. 자동차전문가의 분석,"['자율', '주행', '전기차', '애플', '카', '자동차', '전문가', '분석']"
중앙일보,"[뉴스분석] 애플, 전기차까지 만들어?","['뉴스', '분석', '애플', '전기차']"
노컷뉴스,"[제주의 꿈을 함께]""이제는 전기차산업의 파이 키울 때""","['제주', '꿈', '이제', '전기차', '산업', '파이', '때']"
한국경제TV,"""전기차 망설여지네..""..""쏘렌토 하이브리드 어때?"" [궁금타]","['전기차', '쏘렌토', '하이브리드', '궁금타']"
KBS,5년 뒤 전기차 113만대 수소차 20만대..미래차 대세 바뀐건가?,"['뒤', '전기차', '수소차', '미래', '차', '대세', '건가']"
연합뉴스,"전기차 허브 목표 인도네시아, 2030년까지 충전소 3만1천개 필요","['전기차', '허브', '목표', '인도네시아', '충전', '소', '필요']"
연합뉴스,[톡톡 지방자치] '붕붕붕' 전기차 천국 만드는 제주도 저탄소정책과,"['톡톡', '지방자치', '붕붕', '붕', '전기차', '천국', '제주도', '탄소', '정책']"
지디넷코리아,"부실한 전기차 충전방해금지법..""위반차량 신고 하나마나""","['전기차', '충전', '방해', '금지법', '위반', '차량', '신고', '하나', '마나']"
머니투데이,1000만원 넘게 전기차 보조금 줬는데 '1800억' 남았다,"['전기차', '보조금']"
국민일보,150조 전기차 시장 열리는데.. LG화학·SK이노 9년째 내전 중,"['전기차', '시장', '화학', '이노', '내전', '중']"
KBS,[ET] 소화기 뿌려도 '활활'..전기차 배터리 화재 실험,"['소화기', '활활', '전기차', '배터리', '화재', '실험']"
전자신문,"[단독] 값비싼 전기차, 내년부터 국가 보조금 못 받을 듯","['단독', '값', '전기차', '내년', '국가', '보조금', '못', '듯']"
디지털타임스,간판 바꿔달고 근본적 혁신.. 전기차·모빌리티 기업 변신,"['간판', '달', '근본', '혁신', '전기차', '모빌리티', '기업', '변신']"
뉴시스,中 전기차 보조금 정책 유지?..배터리 업계 '촉각',"['전기차', '보조금', '정책', '유지', '배터리', '업계', '촉각']"
연합뉴스,"벤츠 차세대 고급 전기차 '비전 EQS' 국내 첫 공개..""내년 양산""","['벤츠', '차세대', '고급', '전기차', '국내', '첫', '공개', '내년', '양산']"
지디넷코리아,무법 주차장으로 전락한 '전기차 완속 충전소',"['무법', '주차장', '전락', '전기차', '완속', '충전', '소']"
연합뉴스,'외제차 보다 전기차가 무서워'..배터리 교체비만 2천만원 넘어,"['외제차', '전기차', '배터리', '교체', '비만']"
조선비즈,"[시승기] 포르쉐 타이칸, 뛰어난 완성도..슈퍼카도 전기차 시대","['승기', '포르쉐', '타이', '칸', '완성', '슈퍼카', '전기차', '시대']"
연합뉴스,배터리 3사 공장 다 둘러본 정의선..전기차로 세계공략 박차,"['배터리', '사', '공장', '정의선', '전기차', '세계', '공략', '박차']"
연합뉴스,정의선-최태원도 만났다..미래 전기차 배터리 협력 논의(종합),"['정의선', '최태원', '미래', '전기차', '배터리', '협력', '논의', '종합']"
연합뉴스,전기차가 역시 대세..슈퍼카 벤틀리도 10년내 완전 전환,"['전기차', '역시', '대세', '슈퍼카', '벤틀리', '완전', '전환']"
오토타임즈,[하이빔]한국산 전기차 막겠다는 미국 대통령,"['하이', '빔', '국산', '전기차', '미국', '대통령']"
정책브리핑,이제 전기차 충전 편해지겠네~,"['이제', '전기차', '충전']"
지디넷코리아,"[시승기] 르노 전기차 ZOE, 내리막길서 주행가능거리 17km↑","['승기', '르노', '전기차', '내리막', '길', '주행', '가능', '거리']"
동아일보,글로벌 브랜드 속속 상륙.. 뜨거운 '전기차 레이스',"['글로벌', '브랜드', '상륙', '전기차', '레이스']"
뉴시스,"""현대·GM·포드 등 車업계, 전기차 잇딴 화재에 골머리"" WSJ","['현대', '포드', '등', '업계', '전기차', '화재', '골', '머리']"
머니투데이,규제 풀었더니..전기차 전용주차장 사라진다,"['규제', '전기차', '전용', '주차장']"
연합뉴스,"환경부 ""전기차 충전 기본요금 체계 개선..한시 지원도 검토""","['환경부', '전기차', '충전', '기본', '요금', '체계', '개선', '한시', '지원', '검토']"
뉴시스,현대차 차세대 전기차 브랜드명은 '아이오닉'..내년 출시(종합),"['현대차', '차세대', '전기차', '브랜드', '아이오', '닉', '내년', '출시', '종합']"
중앙일보,충전요금 인상에 전기차 사면 되레 손해? 가성비 따져보니,"['충전', '요금', '인상', '전기차', '사면', '되레', '손해', '가성', '비']"
뉴시스,[코로나 이후 신세계]전기차 배터리 수요 굳건..공급처 다변화로 위기 돌파,"['코로나', '이후', '신세계', '전기차', '배터리', '수요', '공급', '처', '다변', '화로', '위기', '돌파']"
전자신문,미국 전기차 판매량 10년 만에 첫 감소,"['미국', '전기차', '판매량', '첫', '감소']"
뉴시스,"쎄미시스코, 2인승 전기차 '이브이 제타' 출시","['시스코', '인승', '전기차', '이브이', '제타', '출시']"
쿠키뉴스,코로나19에 변동성 증시..외국인 순매수 '전기차·IT·반도체' 집중,"['코로나', '변동성', '증시', '외국인', '매수', '전기차', '반도체', '집중']"
뉴시스,약진하는 테슬라·도전하는 현대차..전기차시장 '활활',"['약진', '테슬라', '도전', '현대차', '전기차', '시장', '활활']"
중앙일보,"GM 사활 건 전기차 보라, 여기에 '탈홍콩' 韓유치전 답 있다","['사활', '건', '전기차', '보라', '여기', '탈', '홍콩', '유치', '전', '답']"
연합뉴스,전기차 대세 되기 전에 '준(準)하이브리드' 뜬다,"['전기차', '대세', '전', '준', '하이브리드']"
경향신문,인프라 부족..성장 더딘 전기차,"['인프라', '부족', '성장', '전기차']"
머니투데이,코나 820만원·랜드로버 605만원..전기차 보조금 양극화,"['코', '랜드로버', '전기차', '보조금', '양극화']"
연합뉴스,"정의선 ""2025년 전기차 점유율 10% 이상..글로벌 리더될 것""(종합)","['정의선', '전기차', '점유', '율', '이상', '글로벌', '리더', '것', '종합']"
연합뉴스,올해 수입 전기차 판매 4배로 늘어..내년 신차 경쟁 본격화,"['올해', '수입', '전기차', '판매', '배', '내년', '신차', '경쟁', '본격']"
매일경제,전기차 올라탄 한온..영업익 5천억 '시동',"['전기차', '온', '영업', '익', '시동']"
연합뉴스,SK 최태원-현대차 정의선 이번주 만난다..'전기차 회동' 마무리,"['최태원', '현대차', '정의선', '이번', '주', '전기차', '회', '마무리']"
연합뉴스,일본 전기차 차세대배터리 집중지원..한·중과 경쟁 가속,"['일본', '전기차', '차세대', '배터리', '집중', '지원', '중과', '경쟁', '가속']"
일간스포츠,중고 가격 보장에 자체 보조금까지..뜨거워지는 전기차 시장,"['중고', '가격', '보장', '자체', '보조금', '전기차', '시장']"
연합뉴스,'전기차 결함' 신고 4년 새 46배 급증..조사 인프라 확충 시급,"['전기차', '결함', '신고', '새', '배', '급증', '조사', '인프라', '확충', '시급']"
국민일보,하반기 전기차 판매 경쟁 후끈 달아오른다,"['하반기', '전기차', '판매', '경쟁', '후끈']"
연합뉴스,"""10년 내 전기차를 대세로""..테슬라 참여 미 로비단체 출범","['내', '전기차', '대세', '테슬라', '참여', '로비', '단체', '출범']"
뉴시스,"현대·기아차, 전기차 수출 '활짝'..전년比 128% ↑","['현대', '기아차', '전기차', '수출', '활짝', '년']"
경향신문,2025년까지 '반값 전기차' 나온다,"['반값', '전기차']"
데일리안,"""韓 전기차 경쟁력 높이려면 R&D 투자 늘려야 ""","['전기차', '경쟁력', '투자']"
연합뉴스,중국 전기차 강력 드라이브..2025년 판매 20% 친환경차로,"['중국', '전기차', '강력', '드라이브', '판매', '친환경', '차로']"
연합뉴스,"인니 산업부 장관 ""LG화학, 전기차 시범사업 참여 기대""","['인니', '산업부', '장관', '화학', '전기차', '시범', '사업', '참여', '기대']"
파이낸셜뉴스,"""테슬라 잡아라"".. GM·포드·닛산, 전기차 액셀 밟는다","['테슬라', '포드', '닛산', '전기차', '액셀']"
연합뉴스,"[발언대] ""전기차보급 목표는 제주의 첨단 제조업 육성""","['발언', '전기차', '보급', '목표', '제주', '첨단', '제조업', '육성']"
한국경제,"""테슬라 잡아라""..中 전기차 스타트업 大戰","['테슬라', '전기차', '스타트업']"
뉴시스,현대차 차세대 전기차 브랜드명은 '아이오닉'..첫차 '포니' 재해석,"['현대차', '차세대', '전기차', '브랜드', '아이오', '닉', '차', '포니', '재', '해석']"
문화일보,"소형·준중형급 넘어.. 프리미엄 전기차, 고품격 유혹","['소형', '준', '중형', '프리미엄', '전기차', '고품격', '유혹']"
KBS,[테크톡] 애플 '아이카'?..소식에 전기차 시장 '흔들',"['테크', '톡', '애플', '아이카', '소식', '전기차', '시장']"
JTBC,"[발품경제] 불 나고, 혜택 줄고..'전기차 사도 될까요?'","['발품', '경제', '불', '혜택', '줄', '전기차', '사도', '요']"
뉴시스,"구광모 만난 정의선, '전기차 배터리' 협력 모색","['구광모', '만난', '정의선', '전기차', '배터리', '협력', '모색']"
MBC,"""3년 뒤 반값 전기차""..100만 마일 배터리는 없었다","['뒤', '반값', '전기차', '마일', '배터리']"
뉴시스,전기차 보급 11만 시대..급속 충전소 등 '인프라 '부족',"['전기차', '보급', '시대', '급속', '충전', '소', '등', '인프라', '부족']"
지디넷코리아,"환경부 ""고가 전기차 보조금 제외, 테슬라 겨냥 아니다""","['환경부', '고가', '전기차', '보조금', '제외', '테슬라', '겨냥']"
전자신문,전기차 국가 보조금 최대 820만원..차상위층 10% 추가 지원,"['전기차', '국가', '보조금', '최대', '차', '위층', '추가', '지원']"
조선비즈,"[시승기] 볼트EV, 대중 전기차 주행거리 400km 시대 열다","['승기', '볼트', '대중', '전기차', '주행', '거리', '시대']"
머니투데이,"전기차 보조금, 단순히 '비싼차' 뺀다고 테슬라 추월 못한다","['전기차', '보조금', '차', '테슬라', '추월']"
주간경향,전기차 시대 가속도 붙었다,"['전기차', '시대', '가속도']"
연합뉴스,현대차 정의선-LG 구광모도 만난다..전기차 동맹 확대(종합),"['현대차', '정의선', '구광모', '전기차', '동맹', '확대', '종합']"
전자신문,[이슈분석]고성능·고효율 '전기차' 新시장 열린다,"['이슈', '분석', '고성능', '효율', '전기차', '시장', '린다']"
지디넷코리아,"불만 쌓이는 코나 전기차 리콜..""일주일 대기""","['불만', '코', '전기차', '리콜', '일주일', '대기']"
지디넷코리아,스타필드 고양 전기차 충전소에 일반차도 주차하세요?,"['스타', '필드', '고양', '전기차', '충전', '소', '일반', '차도', '주차']"
노컷뉴스,'도요타 쫓는 기아차'..한국 전기차·배터리 모두 날았다,"['도요타', '기아차', '한국', '전기차', '배터리', '모두']"
전자신문,[기고]전기차 산업의 데이터 가치,"['기고', '전기차', '산업', '데이터', '가치']"
매일경제,[글로벌 트렌드] 66억 美슈퍼볼 30초광고에..전기차도 달려왔다,"['글로벌', '트렌드', '슈퍼볼', '전기차']"
조선비즈,"불난 '코나 전기차' 결국 리콜..국토부 ""배터리 분리막 결함""","['불', '코', '전기차', '리콜', '국토부', '배터리', '분리', '막', '결함']"
연합뉴스,현대차 넥쏘 국내 판매 1만대 돌파..수소전기차 대중화 성큼,"['현대차', '넥쏘', '국내', '판매', '돌파', '수소', '전기차', '대중화', '성큼']"
연합뉴스,시공간 제약 없이 전기차 충전하도록..기아차 '온디맨드 서비스',"['시공간', '제약', '전기차', '충전', '기아차', '온디맨드', '서비스']"
연합뉴스,"GM, 중국에 첫 완전 전기차 출시..테슬라에 도전장","['중국', '첫', '완전', '전기차', '출시', '테슬라', '도전']"
전자신문,"중국, 전기차 보조금 올해 말 중단에서 2년 더 연장한다","['중국', '전기차', '보조금', '올해', '말', '중단', '더', '연장']"
연합뉴스,인도네시아 자카르타 공항에 '현대차 전기차' 20대 운행 시작,"['인도네시아', '자카르타', '공항', '현대차', '전기차', '운행', '시작']"
지디넷코리아,"환경부 ""고가 전기차 보조금 제한 사실 아니다""","['환경부', '고가', '전기차', '보조금', '제한', '사실']"
KBS,전기차라서?..렌터카 사고 비용 4천만 원 '폭탄',"['전기차', '렌터카', '사고', '비용', '원', '폭탄']"
한국경제,"""전기차 시장 잡아라""..GM, 전기차 생산 확대 '시동'","['전기차', '시장', '전기차', '생산', '확대', '시동']"
아이뉴스24,"상반기 전기차 보조금, 테슬라·中업체 싹쓸이","['상반기', '전기차', '보조금', '테슬라', '업체', '싹']"
중앙일보,코로나에 배터리 값 급락..'전기차 흑자' 속도 내는 현대차,"['코로나', '배터리', '값', '급락', '전기차', '흑자', '속도', '현대차']"
연합뉴스,정의선-최태원 오늘 '전기차 회동'..어떤 얘기 오갈까,"['정의선', '최태원', '오늘', '전기차', '회', '얘기']"
연합뉴스,전기차 보조금 줄어든다..내년에 달라지는 자동차 관련 제도,"['전기차', '보조금', '내년', '자동차', '관련', '제도']"
한국경제,"[신차털기] BMW 530e, 출퇴근족 위한 '명예 전기차'","['신차', '출퇴근', '족', '위', '명예', '전기차']"
뉴시스,[車블랙박스]윤곽 드러낸 현대차 차세대 전기차..'아이오닉5' 기대감↑,"['블랙박스', '윤곽', '현대차', '차세대', '전기차', '아이오', '닉', '대감']"
뉴시스,"정부, 친환경차 배출가스 검사 제외..수소·전기차 규제 뜯어고친다","['정부', '친환', '경차', '배출', '가스', '검사', '제외', '수소', '전기차', '규제']"
오토타임즈,"[하이빔]보조금은 전기차, 회수는 배터리?","['하이', '빔', '보조금', '전기차', '회수', '배터리']"
경향신문,"전기차와 '심장' 배터리, 얼마나 아시나요","['전기차', '심장', '배터리', '얼마나']"
중앙일보,프리미엄 전기차 쏟아진다.. 'K배터리' 경쟁도 치열,"['프리미엄', '전기차', '배터리', '경쟁', '치열']"
쿠키뉴스,"커져가는 전기차시장..""보조금 지급 지속해야""","['전기차', '시장', '보조금', '지급', '지속']"
전자신문,국내 전기차 '10만대 시대' 임박..지난달 누적 등록 9만3572대,"['국내', '전기차', '시대', '임박', '지난달', '누적', '등록']"
뉴시스,전기차 팽창에 국내외 완성차-배터리 업체 간 동맹 이어질 듯,"['전기차', '팽창', '국내외', '완성', '차', '배터리', '업체', '간', '동맹', '듯']"
연합뉴스,새만금 전기차 클러스터 조성 합동 기공식 개최..10월 완공 예정,"['새만금', '전기차', '클러스터', '조성', '합동', '기공식', '개최', '완공', '예정']"
뉴시스,"연초부터 유럽 전기차 판매 2배 이상 급증..""올해 확산 원년 기대""","['연초', '유럽', '전기차', '판매', '배', '이상', '급증', '올해', '확산', '원년', '기대']"
전자신문,[이슈분석]내년 전기차 보조금 어떻게 바뀌나..올해 보다 줄어든다,"['이슈', '분석', '내년', '전기차', '보조금', '올해']"
오토타임즈,"[하이빔]수출용 중고 전기차, 배터리와 세금","['하이', '빔', '수출', '용', '중고', '전기차', '배터리', '세금']"
뉴시스,"정의선, 산업현장서 그린뉴딜 이끈다..전기차·수소사회 청사진내놔","['정의선', '산업', '현장', '그린', '뉴딜', '전기차', '수소', '사회', '청사진']"
연합뉴스,[특징주] 전기차시장 성장 전망에 배터리업체 주가 강세(종합),"['특징', '주', '전기차', '시장', '성장', '전망', '배터리', '업체', '주가', '강세', '종합']"
연합뉴스,전기차 불나면 어떻게 끌까..전기 흐르는지 먼저 확인,"['전기차', '전기', '먼저', '확인']"
지디넷코리아,"논란의 전기차 보조금 상한제, 테슬라 겨냥했나","['논란', '전기차', '보조금', '상한', '제', '테슬라', '겨냥']"
연합뉴스,CATL 배터리 단 전기차 잇따라 화재..중국 배터리는 아직?(종합),"['배터리', '단', '전기차', '화재', '중국', '배터리', '종합']"
문화일보,제로백 1.85초 .. 슈퍼 전기차가 몰려온다,"['제로', '슈퍼', '전기차']"
연합뉴스,"강원 완성형 전기차 '포트로' 첫 출고..""유럽·베트남 누빈다""","['강원', '완성형', '전기차', '포트', '첫', '출고', '유럽', '베트남', '누']"
YTN,전기차 충전요금 오른다 (김필수의 Car~ 좋다!),"['전기차', '충전', '요금', '김필수']"
뉴시스,"환경부, 올해 전기차 8만4150대·수소차 1만280대 보급","['환경부', '올해', '전기차', '수소차', '보급']"
뉴시스,[세쓸통]'테슬라 게 섰거라'..K-전기차 어디까지 왔나,"['세', '통', '테슬라', '게', '전기차', '어디']"
국민일보,성장판 활짝 열린 전기차.. 글로벌 '배터리 동맹' 잰걸음,"['장판', '활짝', '전기차', '글로벌', '배터리', '동맹', '걸음']"
매일경제,제네시스·BMW도 출격..전기차 고객은 설렌다,"['제네시스', '도', '출격', '전기차', '고객']"
연합뉴스,"싱가포르 언론 ""현대차, 싱가포르서 2022년 전기차 3만대 생산""","['싱가포르', '언론', '현대차', '싱가포르', '전기차', '생산']"
뉴시스,"빌 게이츠 새 전기차는 '포르쉐'..머스크 ""역시 감동 없어""","['게이츠', '새', '전기차', '포르쉐', '머스크', '역시', '감동']"
한국경제,"배터리 빌려쓰고, 보조금 받고..2000만원 '반값 전기차' 나온다","['배터리', '보조금', '반값', '전기차']"
중앙일보,"'테슬라 비싸지고, 아이오닉5 싸진다?'..바뀌는 전기차 보조금","['테슬라', '아이오', '닉', '전기차', '보조금']"
뉴시스,"현대·기아차, 미 '카누'와 차세대 전기차 플랫폼 공동개발","['현대', '기아차', '카누', '차세대', '전기차', '플랫폼', '공동', '개발']"
연합뉴스,러시아 700만원대 소형전기차 올해 말 대량생산..주행거리 200km,"['러시아', '소형', '전기차', '올해', '말', '대량생산', '주행', '거리']"
오토타임즈,전기차 보조금 상한제 확정..기준 가격은?,"['전기차', '보조금', '상한', '제', '확정', '기준', '가격']"
오토타임즈,"[시승]대중교통 대신 초소형 전기차 타볼까, 캠시스 쎄보-C","['승', '대중교통', '대신', '초소', '전기차', '타', '캠', '시스', '보']"
국민일보,"""테슬라 독주 더 못보겠다"".. 달아오르는 수입 전기차 시장","['테슬라', '독주', '더', '수입', '전기차', '시장']"
세계일보,"""테슬라 잡아라"".. 보조금 장착 수입 전기차 잇단 출사표","['테슬라', '보조금', '장착', '수입', '전기차', '출사표']"
연합뉴스,"폴크스바겐, 중국 전기차·배터리 기업에 2조9천억원 투자","['폴크스바겐', '중국', '전기차', '배터리', '기업', '투자']"
매일경제,전기차 시장 키운다지만..테슬라가 보조금 싹쓸이,"['전기차', '시장', '테슬라', '보조금', '싹']"
중앙일보,"[2020 중앙일보 COTY] '하나뿐인 전기차', 메르세데스-벤츠 EQC","['중앙', '일보', '하나', '전기차', '메르세데스', '벤츠']"
전자신문,VK 신화 '이철상'..전기차 시장 두 번째 도전장,"['신화', '이철상', '전기차', '시장', '두', '도전']"
뉴시스,정의선·구광모 만난다..전기차 배터리 협업 논의(종합),"['정의선', '구광모', '전기차', '배터리', '협업', '논의', '종합']"
디지털타임스,전용 플랫폼 출시 앞둔 韓전기차..10개월래 판매 최저,"['전용', '플랫폼', '출시', '전기차', '개월', '판매', '최저']"
지디넷코리아,주행거리 늘어나는 전기차..500km대 육박,"['주행', '거리', '전기차', '육박']"
한겨레,원재료부터 전기차까지..판 커지는 '배터리 합종연횡',"['재료', '전기차', '판', '배터리', '합종연횡']"
머니투데이,전기차 보조금 '하후상박'..테슬라 비싸지고 코나는 '반값',"['전기차', '보조금', '하후상', '박', '테슬라', '코나', '반값']"
YTN,전기차 전용 플랫폼 공개..내년은 대중화 '속도' 낸다,"['전기차', '전용', '플랫폼', '공개', '내년', '대중화', '속도']"
한국경제,"친환경차 10만대 시대, 하이브리드 SUV 대전..전기차도 새 모델 쏟아져","['친환', '경차', '시대', '하이브리드', '대전', '전기차', '새', '모델']"
지디넷코리아,9천만원 초과 전기차 내년부터 보조금 못 받는다,"['초과', '전기차', '내년', '보조금', '못']"
한국경제TV,"""전기차 배터리 대란 온다""..글로벌 '합작 열풍'","['전기차', '배터리', '대란', '글로벌', '합작', '열풍']"
노컷뉴스,한국타이어 '전기차 최적화' 전용 타이어 주도,"['한국', '타이어', '전기차', '최적화', '전용', '타이어', '주도']"
지디넷코리아,"정부, 전기차 보조금 지급체계 개편 나선다","['정부', '전기차', '보조금', '지급', '체계', '개편']"
일간스포츠,충전 빨라지고 신차 쏟아진다..판 커지는 전기차 시장,"['충전', '신차', '판', '전기차', '시장']"
연합뉴스,현대차 전기차 브랜드 '아이오닉'..4년간 3종 내놓는다,"['현대차', '전기차', '브랜드', '아이오', '닉', '종']"
뉴시스,"[올댓차이나] 中 전기차 비야디, 2300억원 정부 보조금 받아","['차이나', '전기차', '정부', '보조금']"
연합뉴스,"제주 운전자, 전기차 이용 '운행비 절감' 만족도 높아져","['제주', '운전자', '전기차', '이용', '운행', '비', '절감', '만족도']"
연합뉴스,"로이터 ""폴크스바겐, 중국 전기차·배터리 기업 인수 임박""","['로이터', '폴크스바겐', '중국', '전기차', '배터리', '기업', '인수', '임박']"
지디넷코리아,'전기차 메가스테이션' 그린뉴딜 힘 보탠다,"['전기차', '메', '스테이션', '그린', '뉴딜', '힘', '보탠다']"
세계일보,"전기차, 이번엔 '충돌 후 화재'.. 안전성 논란 재점화","['전기차', '이번', '충돌', '후', '화재', '안전성', '논란', '재', '점화']"
조선비즈,"[시승기] 가성비 눌러 담은 르노 전기차, 조에","['승기', '가성', '비', '르노', '전기차', '조']"
국민일보,'뼈대'부터 다른 전기차 만든다.. 전용 플랫폼 개발 전쟁,"['뼈대', '부터', '다른', '전기차', '전용', '플랫폼', '개발', '전쟁']"
전자신문,"[단독]현대차, 서울에 세계 최대 '초급속 전기차 충전소' 연다","['단독', '현대차', '서울', '세계', '최대', '초', '급속', '전기차', '충전', '소', '연']"
조선비즈,'제2의 테슬라' 어디?.. 글로벌 '전기차 스타트업' 격돌,"['제', '의', '테슬라', '어디', '글로벌', '전기차', '스타트업', '격돌']"
뉴시스,"[車블랙박스]188년 전 원유전기마차, 전기차의 시작을 알리다","['블랙박스', '전', '유전', '마차', '전기차', '시작', '알리']"
디지털타임스,전기차 보조금 '예산 돌려쓰기',"['전기차', '보조금', '예산', '쓰기']"
중앙일보,[단독] 화재·브레이크 결함..애증의 코나 전기차 국내 단종,"['단독', '화재', '브레이크', '결함', '애증', '코', '전기차', '국내', '단종']"
머니투데이,올해 전기차 보조금 놓쳤다면..잠시만 기다리세요,"['올해', '전기차', '보조금', '잠시']"
전자신문,[단독]세계 최초 '비대면 무선충전' 내년 '제네시스 전기차' 탑재,"['단독', '세계', '최초', '비대', '무선', '충전', '내년', '제네시스', '전기차', '탑재']"
디지털타임스,"제네시스, 내년은 전기차 '원년'..차세대 고급차 시장 선점","['제네시스', '내년', '전기차', '원년', '차세대', '고급', '차', '시장', '선점']"
지디넷코리아,"""야외 전기차충전소 지붕 챙겨라""..민주당, 정부에 촉구","['야외', '전기차', '충전', '소', '지붕', '민주당', '정부', '촉구']"
연합뉴스,코로나에도 전기차는 질주..현대·기아차 수출 58% 껑충,"['코로나', '전기차', '질주', '현대', '기아차', '수출', '껑충']"
한겨레,"정의선, LG 구광모도 만난다..국내 '전기차 동맹' 확대","['정의선', '구광모', '국내', '전기차', '동맹', '확대']"
조선비즈,"'100만 마일 전기차 배터리' 개발하는 美·유럽..""아시아 따라잡겠다""","['마일', '전기차', '배터리', '개발', '유럽', '아시아']"
중앙일보,"테슬라 잡아라, 아우디·BMW도 전기차 쏟아낸다","['테슬라', '아우디', '도', '전기차']"
중앙일보,"럭셔리 전기차, 아우디가 테슬라·벤츠보다 잘 팔려","['럭셔리', '전기차', '아우디', '테슬라', '벤츠']"
국민일보,팬데믹 끝나면 전기차 싸움에 불꽃 튄다,"['팬데믹', '전기차', '싸움', '불꽃']"
국민일보,전기차 충전시설 '불법주차' 단속.. 장애인 주차구역만큼 강화,"['전기차', '충전', '시설', '불법', '주차', '단속', '장애인', '주차', '구역', '강화']"
연합뉴스,"머스크 ""10년뒤 테슬라 전기차 2천만대 생산""..55배 증가 예측","['머스크', '테슬라', '전기차', '생산', '배', '증가', '예측']"
동아일보,"""애플, 이르면 2024년 자율주행 전기차 선보일 것""","['애플', '자율', '주행', '전기차', '것']"
국민일보,"'테슬라 독주' 지속..전기차 시장 판도, 내년엔 바뀔까","['테슬라', '독주', '지속', '전기차', '시장', '판도', '내년']"
매일경제,'SK 차이나 인사이더' 결실..'전기차 배터리' 中시장 질주,"['차이나', '인', '사이더', '결실', '전기차', '배터리', '시장', '질주']"
중앙일보,"바이든 '탄소 제로' 약속, K배터리·전기차 '큰 장' 온다","['바이든', '탄소', '제로', '약속', '배터리', '전기차', '장']"
동아일보,"""미래 차 시장 패권은 우리 것"".. 中 야심찬 '전기차 굴기'","['미래', '차', '시장', '패권', '우리', '것', '야심', '찬', '전기차']"
디지털타임스,글로벌 전기차 배터리 '합종연횡'..눈치싸움도 치열,"['글로벌', '전기차', '배터리', '합종연횡', '눈치', '싸움', '치열']"
연합뉴스,아우디 e-트론 55 콰트로 출시..수입차 전기차 경쟁 확대,"['아우디', '트론', '콰트로', '출시', '수입', '차', '전기차', '경쟁', '확대']"
한국경제,억대 수입 전기차에도..'화끈한 보조금' 논란,"['억대', '수입', '전기차', '보조금', '논란']"
KBS,'전기차 배터리 화재' 실험해보니..소화기 뿌리면 '활활',"['전기차', '배터리', '화재', '실험', '소화기', '뿌리', '활활']"
KBS,[ET] 잘나가던 전기차 '코나' 국내외서 대규모 리콜,"['전기차', '코', '국내외', '대규모', '리콜']"
연합뉴스,테슬라 질주에 수입차 전기차 앞다퉈 국내 출시..판매 8배로↑,"['테슬라', '질주', '수입', '차', '전기차', '앞', '국내', '출시', '판매', '배']"
연합뉴스,"현대차, 수소전기차 '넥쏘' 올해 국내 판매목표 1만대 이상","['현대차', '수소', '전기차', '넥쏘', '올해', '국내', '판매', '목표', '이상']"
뉴시스,올해 '수출 1호 전기차' 유럽으로 출발..수소트럭 현지 시범운행,"['올해', '수출', '호', '전기차', '유럽', '출발', '수소', '트럭', '현지', '시범', '운행']"
파이낸셜뉴스,"日 니혼덴산, 전기차 모터 승부수.. 2000억엔 글로벌 투자","['니혼덴산', '전기차', '모터', '승부', '수', '글로벌', '투자']"
지디넷코리아,"이재용-정의선 회동, 미래 전기차 협력 물꼬 틀까","['이재용', '정의선', '회', '미래', '전기차', '협력', '물꼬']"
연합뉴스,포드도 전기차 배터리 자체생산 움직임..K배터리 '긴장',"['포드', '전기차', '배터리', '자체', '생산', '움직임', '배터리', '긴장']"
머니투데이,"'3단 로켓' 올라탄 韓 전기차, 테슬라 겨냥","['단', '로켓', '전기차', '테슬라', '겨냥']"
동아일보,"""누가 당선돼도 전기차 전환 가속도"" 설레는 업계","['누가', '당선', '전기차', '전환', '가속도', '업계']"
국민일보,"""초반 주도권 잡아라"".. 전기차 시장 전략적 협력 열풍","['초반', '주도', '전기차', '시장', '전략', '협력', '열풍']"
머니투데이,"""저 세상 주식"" 옛말?..테슬라 널뛰자 전기차株 '멀미'","['저', '세상', '주식', '옛말', '테슬라', '널', '전기차', '멀미']"
연합뉴스,수출품의 혁신..반도체·석유화학 부진 속 전기차·바이오 약진,"['출품', '혁신', '반도체', '석유화학', '부진', '속', '전기차', '바이오', '약진']"
조선비즈,"'불붙는' 전기차업계, 잇따라 리콜.. K-배터리 타격 불가피","['불', '전기차', '업계', '리콜', '배터리', '타격', '불가피']"
YTN,1일 연료비 5백원?! 각광받는 초소형 전기차 [김필수의 CAR~~ 좋다!],"['연료비', '백원', '각광', '초소', '전기차', '김필수']"
동아일보,유럽이 사랑한 전기차 '르노 조에' 국내 상륙.. 최대 309km 주행,"['유럽', '사랑', '전기차', '르노', '조', '국내', '상륙', '최대', '주행']"
일간스포츠,"""220V만 있으면 충전 OK""..초소형 전기차가 뜬다","['만', '충전', '초소', '전기차']"
전자신문,"대구, '코로나19'로 전기차 보급량 절반 줄인다","['대구', '코로나', '로', '전기차', '보', '급량', '절반']"
조선비즈,전기차에 세금 부과?.. 유류세 감소에 자구책 내놓은 호주,"['전기차', '세금', '부과', '유류', '세', '감소', '자구', '책', '호주']"
연합뉴스,전기차·코로나에 완성차업계 고용불안 고조..임단협도 난항,"['전기차', '코로나', '완성', '차', '업계', '고용', '불안', '고조', '임단협', '난항']"
중앙일보,테슬라 주가 하루 만에 20% 급등 ..엑셀 밟는 전기차 관련주,"['테슬라', '주가', '하루', '급등', '엑셀', '전기차', '관련', '주']"
머니투데이,현대 전기차 이제부턴 '아이오닉'..핸드폰처럼 '번호'로 부른다,"['현대', '전기차', '이제', '아이오', '닉', '핸드폰', '번호', '로']"
한국경제,[천자 칼럼] 전기차 '충전 난민',"['천자', '칼럼', '전기차', '충전', '난민']"
쿠키뉴스,테슬라 열풍에 국내 전기차 시장 '경쟁 치열',"['테슬라', '열풍', '국내', '전기차', '시장', '경쟁', '치열']"
디지털타임스,"""테슬라 스톱""..국내 전기차 시장 춘추전국시대 개막","['테슬라', '스톱', '국내', '전기차', '시장', '춘추전국시대', '개막']"
전자신문,[사설]전기차 보조금 효율성 높이자,"['사설', '전기차', '보조금', '효율', '높이']"
오토타임즈,"전기차 폐배터리 반납 의무 폐지, 보조금 유출 대안은?","['전기차', '폐', '배터리', '반납', '의무', '폐지', '보조금', '유출', '대안']"
지디넷코리아,전기차 '루시드 에어' 공개..테슬라 위협할까,"['전기차', '루', '시드', '에어', '공개', '테슬라', '위협']"
한겨레,"""엔진차보다 싸게"" 전기차 '100달러 배터리팩' 경쟁","['엔진', '차보', '전기차', '배터리', '팩', '경쟁']"
조선비즈,중국 전기차가 온다,"['중국', '전기차']"
디지털타임스,"[포럼] 전기차시대, 관건은 소비자","['포럼', '전기차', '시대', '관건', '소비자']"
머니투데이,"車램프 사업 2000억 투자 유치..LG, 전기차 R&D 속도낸다","['램프', '사업', '투자', '유치', '전기차', '속도']"
조선비즈,"전기차 시대, 불붙는 모터스포츠·고성능차 경쟁","['전기차', '시대', '불', '모터스포츠', '고성능', '차', '경쟁']"
데일리안,"[시승기] 르노 전기차 '조에', 도심 출퇴근의 알뜰한 동반자","['승기', '르노', '전기차', '조', '도심', '출퇴근', '동반']"
연합뉴스,"이재용·정의선, 단독 회동..현대차-삼성 전기차 배터리 첫 논의","['이재용', '정의선', '단독', '회', '현대차', '삼성', '전기차', '배터리', '첫', '논의']"
경향신문,"정의선·구광모, 이번엔 차세대 전기차 배터리 '동맹'","['정의선', '구광모', '이번', '차세대', '전기차', '배터리', '동맹']"
머니투데이,"전기차 배터리 시장, 10년 뒤 '214.7조원'..메모리반도체 추월","['전기차', '배터리', '시장', '뒤', '메모리', '반도체', '추월']"
오토타임즈,"'배기음 장인' 마세라티, 전기차에 입힐 소리는?","['장인', '마세라티', '전기차', '소리']"
연합뉴스,넥쏘의 힘..현대차 수소전기차 세계 판매 1만대 돌파,"['넥쏘', '힘', '현대차', '수소', '전기차', '세계', '판매', '돌파']"
뉴시스,정의선·구광모 '배터리 회동' 성사..미래 전기차 배터리 협력 논의,"['정의선', '구광모', '배터리', '회', '성사', '미래', '전기차', '배터리', '협력', '논의']"
한겨레,제로백 3초..슈퍼카를 삼킨 전기차,"['제로', '슈퍼카', '전기차']"
조선일보,"""테슬라 독주 막아라"".. 수입차 업계도 전기차 공세","['테슬라', '독주', '수입', '차', '업계', '전기차', '공세']"
오토타임즈,[르포]전기차 최적화 '아틀란 내비' 직접 사용해보니,"['르포', '전기차', '최적화', '내비', '직접', '사용']"
디지털타임스,전동화 속도내는 '제네시스'.. 내년 전기차 4종 출격,"['동화', '속도', '제네시스', '내년', '전기차', '종', '출격']"
지디넷코리아,유럽-중국 전기차 배터리 협력 강화,"['유럽', '중국', '전기차', '배터리', '협력', '강화']"
노컷뉴스,푸조 e-208 출격..2천만 원대 수입 전기차,"['푸조', '출격', '원대', '수입', '전기차']"
동아일보,SM3 전기차 파격..보조금 600만원 더 준다,"['전기차', '파격', '보조금', '더']"
국민일보,"[단독]전기차 충전시설 '불법주차' 단속, 장애인주차구역만큼 강화","['단독', '전기차', '충전', '시설', '불법', '주차', '단속', '장애인', '주차', '구역', '강화']"
중앙일보,[기고] 한진의 전기차 상생과 '한국판 테슬라' 탄생,"['기고', '한진', '전기차', '상생', '한국판', '테슬라', '탄생']"
뉴시스,전기차 시대 왔나?..'배터리 3사'에 관심집중,"['전기차', '시대', '배터리', '사', '관심', '집중']"
연합뉴스,전기차 충전·초소형 전기특수차 운행..제주·전북서 실증 착수,"['전기차', '충전', '초소', '전기', '특수', '차', '운행', '제주', '전북', '실증', '착수']"
전자신문,GS·포스코 대기업마저..'中 전기차 국내유통' 가세,"['포스코', '대기업', '전기차', '국내', '유통', '가세']"
머니투데이,국내 '달리는 공기청정기' 수소전기차 '6000대' 넘어섰다,"['국내', '공기청정기', '수소', '전기차']"
뉴시스,코로나19에 전기차 '고속질주'..이유는?,"['코로나', '전기차', '고속', '질주', '이유']"
연합뉴스,"SKT, 모빌리티 사업 가속화..바이톤과 국내 전기차 출시 협력","['모빌리티', '사업', '가속', '바이', '톤', '국내', '전기차', '출시', '협력']"
전자신문,"6개 지자체, 전기차 예산 반납..6.5만대 달성 '빨간불'","['개', '지자체', '전기차', '예산', '반납', '달성', '불']"
지디넷코리아,[시승기] '고속전비 5.7km/kWh' 벤츠 순수 전기차 EQC,"['승기', '비', '벤츠', '순수', '전기차']"
지디넷코리아,"美 클린테크니카 ""한국은 전기차 시장 불모지"" 일침","['클린', '테크', '카', '한국', '전기차', '시장', '불모', '일침']"
한국경제,상반기 전기차 보조금..테슬라·중국 버스가 '싹쓸이',"['상반기', '전기차', '보조금', '테슬라', '중국', '버스', '싹']"
한국경제,"中 전기차, 테슬라 아성 넘본다","['전기차', '테슬라', '아성']"
SBS,"테슬라 앞세운 외국 전기차, 한국서 고속질주","['테슬라', '외국', '전기차', '한국', '고속', '질주']"
매일경제,[Car] 작지만 다부진 '유럽 전기차 자존심'..테슬라 게 섰거라!,"['작', '유럽', '전기차', '자존심', '테슬라', '게']"
머니투데이,"LG전자, 전기차 부품사업 '승부수' ..구광모 회장 결단 있었다","['전자', '전기차', '부품', '사업', '승부', '수', '구광모', '회장', '결단']"
연합뉴스,"현대기아차, 美스타트업 카누와 전기차 플랫폼 개발 협력","['현대', '기아차', '스타트업', '카누', '전기차', '플랫폼', '개발', '협력']"
연합뉴스,"GM, 한국산 배터리 장착 전기차 6만9천대 리콜..""화재 위험""","['국산', '배터리', '장착', '전기차', '리콜', '화재', '위험']"
중앙일보,유럽선 인기라는데 국내서도?..르노 전기차 '조에' 보조금 확정,"['유럽', '선', '인기', '데', '국내', '서도', '르노', '전기차', '조', '보조금', '확정']"
파이낸셜뉴스,K-전기차 질주..글로벌 車산업 지각변동,"['전기차', '질주', '글로벌', '산업', '지각', '변동']"
매일경제,[단독] 주유소서 기름 넣듯..전기차도 급속충전,"['단독', '주유소', '기름', '전기차', '급속', '충전']"
지디넷코리아,"모헤닉 전기차 'Ms' 인도 왜 늦나..""투자비 소요""","['모헤닉', '전기차', '인도', '왜', '늦', '투', '자비', '소요']"
연합뉴스,"미 조지아주지사 ""SK 전기차배터리 투자, 업계 게임체인저 될것""","['조지아주', '지사', '전기차', '배터리', '투자', '업계', '게임', '체인', '저']"
경향신문,오직 테슬라만 팔렸다..'승자독식'의 국내 전기차 시장,"['오직', '테슬라', '승자', '독식', '의', '국내', '전기차', '시장']"
조선비즈,"테슬라, GM에 이어 포드도 전기차 배터리 자체 생산","['테슬라', '포드', '전기차', '배터리', '자체', '생산']"
조선비즈,정의선·구광모 첫 단독 회동.. 전기차 배터리 협력 강화(종합),"['정의선', '구광모', '첫', '단독', '회', '전기차', '배터리', '협력', '강화', '종합']"
중앙일보,"어쩐지 많이 보이더라..테슬라 모델3, 국내 전기차 판매 왕좌","['어쩐지', '테슬라', '모델', '국내', '전기차', '판매', '왕좌']"
머니투데이,"'기능아닌 고객상황 최우선' 기아, 전기차 조직개편 단행","['기능', '고객', '상황', '최', '우선', '기아', '전기차', '조직개편', '단행']"
파이낸셜뉴스,2025년 전기차 100만 시대..車값 1000만원 내린다,"['전기차', '시대', '값', '린다']"
연합뉴스,테슬라는 '3년내 반값' 선언..국산 전기차는 4∼5년 걸릴 듯,"['테슬라', '반값', '선언', '국산', '전기차', '듯']"
매일경제,전기차 올라탄 현대차..내년 증시도 '씽씽',"['전기차', '현대차', '내년', '증시']"
조선비즈,[차이나 모빌리티] 불타는 전기차..中 샤오펑·리샹 잇단 화재 사고,"['차이나', '모빌리티', '전기차', '샤오펑', '리샹', '화재', '사고']"
연합뉴스,"SK ""한번 충전 500km 가는 전기차 배터리 2022년 미국서 양산""","['한번', '충전', '전기차', '배터리', '미국', '양산']"
동아일보,혁신없는 배터리.. 2900만원 '반값 전기차'로 불질러,"['혁신', '배터리', '반값', '전기차', '로', '불']"
뉴시스,전기차 113만대·수소차 20만대 보급..노후경유차 퇴출 총력,"['전기차', '수소차', '보급', '노후', '유차', '퇴', '총력']"
동아일보,"[단독]""전기차 충전기 놀고 있는데.. 기본료 부과하면 충전료 올려야""","['단독', '전기차', '충전기', '기본', '료', '부과', '충전', '료']"
디지털타임스,국내 전기차 10만대 시대 '초읽기',"['국내', '전기차', '시대', '초읽기']"
중앙일보,"주가 1250% 폭등 中 니오, 승승장구 테슬라..전기차 전성시대","['주가', '폭등', '오', '승승장구', '테슬라', '전기차', '전성', '시대']"
KBS,[ET] 전기차 폐배터리 재활용 어디까지 왔나?,"['전기차', '폐', '배터리', '재활용', '어디']"
뉴시스,"[올댓차이나] 中 차량공유 디디추싱, 전용 전기차 BYD와 공동개발","['차이나', '차량', '공유', '디디', '추싱', '전용', '전기차', '공동', '개발']"
지디넷코리아,완속보다 급속?..거꾸로 가는 전기차 충전기 확대 정책,"['완속', '급속', '거꾸로', '전기차', '충전기', '확대', '정책']"
한국경제TV,배터리 화재로 들여다본 한국 전기차의 현주소,"['배터리', '화재', '한국', '전기차', '현주소']"
한국경제,2000만원 사정권 들어온 전기차 '완판'..지각변동 시작됐다,"['정권', '전기차', '완판', '지각', '변동', '시작']"
머니투데이,"""테슬라 게섰거라"" 국산 전기차, 내년이 더 기대되는 이유","['테슬라', '게', '국산', '전기차', '내년', '더', '기대', '이유']"
오토타임즈,"상반기 전기차 판매, 상용차 늘고 초소형차 줄고","['상반기', '전기차', '판매', '상용차', '늘', '초', '소형차', '줄']"
뉴시스,내년 9월 '전기차 급속충전' 시연 축제,"['내년', '전기차', '급속', '충전', '시연', '축제']"
뉴시스,"유엔무역개발회의 ( UNCTAD), 전기차 붐 후유증 우려","['유엔', '무역', '개발', '회의', '전기차', '붐', '후유증', '우려']"
조선비즈,정의선 '전기차 동맹' 키운다..불붙은 글로벌 전기차 합종연횡,"['정의선', '전기차', '동맹', '불', '글로벌', '전기차', '합종연횡']"
아이뉴스24,"애플, 전기차 배터리 시장서 다크호스될까?","['애플', '전기차', '배터리', '시장', '다크호스']"
조선일보,이재용·정의선 '차세대 전기차 배터리' 손잡다,"['이재용', '정의선', '차세대', '전기차', '배터리']"
파이낸셜뉴스,전기차 충전소 민원 느는데.. 충전 방해 단속법령 '유명무실',"['전기차', '충전', '소', '민원', '충전', '방해', '단속', '법령', '유명무실']"
연합뉴스,전기차 5년 안에 113만대 보급..전기차 대중화 시대 연다,"['전기차', '안', '보급', '전기차', '대중화', '시대', '연']"
파이낸셜뉴스,"E-GMP, 모듈화·표준화..개념부터 다른 전기차 만든다","['모듈', '표준화', '개념', '다른', '전기차']"
지디넷코리아,그린뉴딜로 전기차 보급 12배 늘린다는데..어떻게?,"['그린', '뉴딜', '전기차', '보급', '배']"
파이낸셜뉴스,전기차 보조금 손질 나선 정부.. 테슬라 고가모델 정조준,"['전기차', '보조금', '손질', '나선', '정부', '테슬라', '고가', '모델', '정', '조준']"
지디넷코리아,"전기차 충전방해 단속, 완속충전기까지 확대","['전기차', '충전', '방해', '단속', '완', '충전기', '확대']"
한국경제,"""이제 굳이 탈 이유가 없다""..'경제성' 매력 떨어진 전기차","['이제', '굳이', '탈', '이유', '경제성', '매력', '전기차']"
연합뉴스,이재용·정의선 단독 회동..현대차-삼성 전기차 배터리 첫 논의(종합),"['이재용', '정의선', '단독', '회', '현대차', '삼성', '전기차', '배터리', '첫', '논의', '종합']"
세계일보,"전기차 2만대 시대 연 제주, 앞날은 '빨간불'","['전기차', '시대', '연', '제주', '앞날', '불']"
뉴시스,[車블랙박스]안방 점령한 테슬라..하반기 전기차 경쟁 치열,"['블랙박스', '안방', '점령', '테슬라', '하반기', '전기차', '경쟁', '치열']"
지디넷코리아,"우체국 전기차, 아파트 보행 전용구간 과격 운전 논란","['우체국', '전기차', '아파트', '보행', '전용', '구간', '과격', '운전', '논란']"
연합뉴스,"제주, 택시·렌터카 운송 사업체 전기차 구매 지원 확대","['제주', '택시', '렌터카', '운송', '업체', '전기차', '구매', '지원', '확대']"
머니투데이,테슬라 '배터리 데이' D-1..전기차 생태계 뒤흔들 키워드 3,"['테슬라', '배터리', '데이', '전기차', '생태계', '뒤', '키', '워드']"
중앙일보,유럽 전기차 배터리 왜 한중일 차지? '독립운동' 나선 영프독,"['유럽', '전기차', '배터리', '왜', '한중일', '차지', '독립운동', '나선', '영프독']"
연합뉴스,중국 CATL 배터리 단 전기차 잇따라 화재..중국 배터리는 아직?,"['중국', '배터리', '단', '전기차', '화재', '중국', '배터리']"
연합뉴스,전기차 충전소 누가 주도해야 하나..미국서 갑론을박,"['전기차', '충전', '소', '누가', '하나', '미국', '갑론', '박']"
머니투데이,"스타코프 차지콘®, 원활한 아파트 전기차 충전 가능","['스타코', '프', '차지', '콘', '아파트', '전기차', '충전', '가능']"
연합뉴스,"테슬라, 내년부터 중국 상하이에 전기차 충전대 공장 가동","['테슬라', '내년', '중국', '상하이', '전기차', '충전', '공장', '가동']"
경향신문,전기차 전환·탈석탄 가속..'친환경'은 선택 아닌 생존의 필수조건 [기후변화와 산업 재편],"['전기차', '전환', '탈', '석탄', '가속', '친환경', '은', '선택', '생존', '필수', '조건', '기후변화', '산업', '재편']"
지디넷코리아,"전기차 시대 여는 바이든, 美 전역 50만개 충전소 설치한다","['전기차', '시대', '여', '바이든', '전역', '충전', '소', '설치']"
지디넷코리아,화재 논란 이어 '벽돌현상'까지..속 타는 코나 전기차 오너,"['화재', '논란', '벽돌', '현상', '속', '코', '전기차', '너']"
연합뉴스,해외서도 전기차 잇단 화재 이슈..전전긍긍하는 K배터리,"['해외', '서도', '전기차', '화재', '이슈', '전전긍긍', '배터리']"
동아일보,"현대차, 전기차 브랜드 '아이오닉' 론칭.. 내년 준중형 CUV 첫선","['현대차', '전기차', '브랜드', '아이오', '닉', '론칭', '내년', '준', '중형', '선']"
연합뉴스,"중국, 5천만원 넘는 전기차 보조금 배제..테슬라 딱 걸려","['중국', '전기차', '보조금', '배제', '테슬라']"
뉴시스,"최태원 SK회장, 정의선 만나 '전기차 배터리' 협력 논의","['최태원', '회장', '정의선', '전기차', '배터리', '협력', '논의']"
조선비즈,상반기 전기차 판매 23% 늘었지만.. 테슬라 보조금 900억 '꿀꺽',"['상반기', '전기차', '판매', '테슬라', '보조금', '꿀꺽']"
채널A,"[주말&경제]전기차, 세계에선 '질주' 한국에선 '후진'..왜?","['주말', '경제', '전기차', '세계', '질주', '한국', '후진', '왜']"
전자신문,"""애플, 2024년 전기차 생산..화재 위험 낮은 LFP 배터리 채택""","['애플', '전기차', '생산', '화재', '위험', '배터리', '채택']"
연합뉴스,"전기차 3위 노리는 현대차, 배터리 동맹 가속화(종합)","['전기차', '위', '현대차', '배터리', '동맹', '가속', '종합']"
조선비즈,"수입 전기차, 국내서 고속질주..하반기 신차 봇물","['수입', '전기차', '국내', '고속', '질주', '하반기', '신차', '봇물']"
중앙일보,"바이든 시대, 전기차 늘어난다..""한국 전기차 시험장 될 것""","['바이든', '시대', '전기차', '한국', '전기차', '시험', '것']"
연합뉴스,"""전기차 배터리 시장 2∼3년간 각축전..기술력이 좌우""","['전기차', '배터리', '시장', '축전', '기술', '좌우']"
국민일보,소형- 준중형 SUV·전기차 '격전장' 된 인도,"['소형', '준', '중형', '전기차', '격전', '인도']"
머니투데이,글로벌 전기차 시대..팔라듐값 제자리걸음,"['글로벌', '전기차', '시대', '팔라듐', '값', '제자리걸음']"
국민일보,"""초반에 처지면 못따라잡는다"" 전기차 협력 열풍 이면엔..","['초반', '처지', '전기차', '협력', '열풍', '이면']"
조선비즈,코로나 암초 만난 韓 전기차 배터리..올해 신규 수주 '비상',"['코로나', '암초', '만난', '전기차', '배터리', '올해', '신규', '수주', '비상']"
연합뉴스,법정 계량기로 처음 인증된 전기차 충전기 서비스 시작,"['법정', '계량기', '처음', '인증', '전기차', '충전기', '서비스', '시작']"
머니투데이,"독이 된 전기차 보조금..'사람들, 테슬라 사더라'","['독', '전기차', '보조금', '사람', '테슬라']"
지디넷코리아,전기차 힘주는 아우디폭스바겐코리아..안전 대책은 '물음표',"['전기차', '아우디', '폭스바겐', '코리아', '안전', '대책', '물음표']"
한국경제TV,클래식 입힌 전기차..레트로 감성에겐 훌륭한 대안,"['클래식', '전기차', '레트로', '감성', '대안']"
조선비즈,"내년 고가 전기차 보조금 상한제, 관건은 6000만원대 車?","['내년', '고가', '전기차', '보조금', '상한', '제', '관건']"
중앙일보,"'람보르기니도 버린다'..폴크스바겐 전기차 올인, 현대차는?","['람보르기니', '폴크스바겐', '전기차', '올인', '현대차']"
지디넷코리아,[조재환의 EV세상] 코나 전기차 일부 SK 배터리 탑재?..소비자 혼란,"['조재환', '세상', '코', '전기차', '일부', '배터리', '탑재', '소비자', '혼란']"
파이낸셜뉴스,기아차 '전기차·모빌리티'에 미래 건다.. 5년간 29兆 투자,"['기아차', '전기차', '모빌리티', '미래', '건', '투자']"
뉴시스,[車블랙박스]올해 수입 전기차 4배↑..내년 신차 대거 출시,"['블랙박스', '올해', '수입', '전기차', '배', '내년', '신차', '대거', '출시']"
전자신문,"다이슨, 포기한 전기차 이미지 연이어 공개..왜?","['다이슨', '포기', '전기차', '이미지', '이', '공개', '왜']"
시사저널,전기차 경쟁보다 더 뜨거운 '배터리 전쟁',"['전기차', '경쟁', '더', '배터리', '전쟁']"
연합뉴스TV,바이든 순풍에 전기차 세상 '성큼'..車업계 대응 박차,"['바이든', '순풍', '전기차', '세상', '성큼', '업계', '대응', '박차']"
조선비즈,[단독] 불합리한 전기차 대차(貸車) 기준 바꾼다.. 크기 대신 출력,"['단독', '불합리', '전기차', '대차', '기준', '크기', '대신', '출력']"
조선비즈,전기차 배터리로 에어컨을 켠다고? 주목 받는 V2G 기술,"['전기차', '배터리', '에어컨', '주목', '기술']"
조선비즈,"벤츠 S클래스 전기차 컨셉트카 EQS 국내 공개 .. ""전기차도 벤츠답게""","['벤츠', '클래스', '전기차', '컨셉트카', '국내', '공개', '전기차', '벤츠', '답']"
매일경제,'전기차배터리' 유럽의 반격..韓과 전쟁 예고,"['전기차', '배터리', '유럽', '반격', '과', '전쟁', '예고']"
아이뉴스24,차일피일 미루던 중국산 전기차..내년 한국시장 노크,"['차일피일', '중국산', '전기차', '내년', '한국', '시장', '노크']"
연합뉴스,"GM, 전기차 생산 늘리려 20억달러 투자..'전기 허머'도 공개","['전기차', '생산', '투자', '전기', '허머', '도', '공개']"
머니투데이,"전기차 배터리 3인방 실적, 이제부터가 찐이야~","['전기차', '배터리', '인방', '실적', '이제']"
SBS,"테슬라 ""3년 내 반값 전기차""..'깜짝 발표' 없었다","['테슬라', '내', '반값', '전기차', '깜짝', '발표']"
MBC,"또 불탄 전기차 '코나'..""배터리 결함 때문?""","['또', '전기차', '코', '배터리', '결함', '때문']"
지디넷코리아,"스타트업 '카누', 전기차 생산 및 서비스 혁신할까?","['스타트업', '카누', '전기차', '생산', '및', '서비스', '혁신']"
연합뉴스,전기차 배터리·수소차 연료전지 특허출원 활발,"['전기차', '배터리', '수소차', '연료', '전지', '특허', '출원', '활발']"
전자신문,"""배터리 정말 비쌀까?""..전기차 배터리 비중 20%까지 떨어졌다","['배터리', '정말', '전기차', '배터리', '비중']"
전자신문,[이슈분석]친환경 규제 강화에 전기차 485종..본격 경쟁 판 깔렸다,"['이슈', '분석', '친환경', '규제', '강화', '전기차', '종', '본격', '경쟁', '판']"
연합뉴스,"GM, 한국산 배터리 장착 전기차 6만9천대 리콜..""화재 위험""(종합)","['국산', '배터리', '장착', '전기차', '리콜', '화재', '위험', '종합']"
지디넷코리아,"[조재환의 EV세상] 국과수, 코나 전기차 화재 검증 능력 있나","['조재환', '세상', '국과수', '코', '전기차', '화재', '검증', '능력']"
조선비즈,"[단독] 정의선, 10월 싱가포르行 검토..글로벌 전기차 시장 선점 시동","['단독', '정의선', '싱가포르', '검토', '글로벌', '전기차', '시장', '선점', '시동']"
한국경제TV,성장판 열린 전기차..'그린뉴딜'에 '씽씽',"['장판', '전기차', '그린', '뉴딜']"
머니투데이,뉴욕 상륙한 中 전기차에 '서학 개미'가 몰린다,"['뉴욕', '상륙', '전기차', '서학', '개미']"
한겨레,"정의선, 이번엔 구광모와 만나..전기차 배터리 광폭 행보","['정의선', '이번', '구광모', '전기차', '배터리', '광폭', '행보']"
MBC,'로봇' 잡고 '전기차'도..새 먹거리 찾아 인수합병,"['로봇', '잡고', '전기차', '도', '새', '먹거리', '인수합병']"
경향신문,올해 전기차 국고보조금 최대 820만원 '친환경 차등'..저소득층 10% 추가 지원,"['올해', '전기차', '국고', '보조금', '최대', '친환경', '차등', '소득', '층', '추가', '지원']"
한국경제TV,"GM ""전기차·자율주행에 23조원 투자""","['전기차', '자율', '주행', '투자']"
연합뉴스,정의선·구광모 첫 회동..전기차 배터리 협력 강화,"['정의선', '구광모', '첫', '회', '전기차', '배터리', '협력', '강화']"
머니투데이,그린뉴딜 숨은 보석..수명 다한 전기차 '폐배터리',"['그린', '뉴딜', '보석', '수명', '다한', '전기차', '폐', '배터리']"
지디넷코리아,"국토부, 코나 전기차 리콜 방식 논란에 ""공식 입장 없다""","['국토부', '코', '전기차', '리콜', '방식', '논란', '공식', '입장']"
지디넷코리아,"폭스바겐 전기차 국내 투입 계획, 다음달 윤곽 나온다","['폭스바겐', '전기차', '국내', '투입', '계획', '다음', '달', '윤곽']"
중앙일보,"전기차 화재에 잇단 리콜..K 배터리, 시험대 올랐다","['전기차', '화재', '리콜', '배터리', '시험대']"
뉴시스,"현대·기아차, 英 '어라이벌'에 전략투자..상용 전기차 공동개발","['현대', '기아차', '벌', '전략', '투자', '상용', '전기차', '공동', '개발']"
연합뉴스TV,"""유럽시장을 잡아라""..한·중·일 전기차 배터리 대전","['유럽', '시장', '중', '일', '전기차', '배터리', '대전']"
연합뉴스,"제주 국제전기차엑스포 6월 개막..""관람객 안전 최우선""","['제주', '국제', '전기차', '엑스포', '개막', '관람객', '안전', '최', '우선']"
파이낸셜뉴스,전기차 충전 방해 민원 갈수록 늘지만 단속은 '유명무실',"['전기차', '충전', '방해', '민원', '갈수록', '늘', '단속', '유명무실']"
세계일보,"픽업트럭 올라탄 전기차 .. 현대차, 가세할까","['픽업', '트럭', '전기차', '현대차', '가세']"
중앙SUNDAY,"한전 적자 줄이기에, 전기차 충전 인프라 '방전' 위기","['한전', '적자', '전기차', '충전', '인프라', '방전', '위기']"
연합뉴스,"""전기 없다면서 웬 전기차""..트럼프 행정부, 캘리포니아에 제동","['전기', '웬', '전기차', '트럼프', '행정부', '캘리포니아', '제동']"
뉴시스,삼성 이재용·현대차 정의선 단독 회동..'전기차 배터리 동맹' 물꼬(종합2보),"['삼성', '이재용', '현대차', '정의선', '단독', '회', '전기차', '배터리', '동맹', '물꼬', '종합', '보']"
일간스포츠,"8.5배 성장한 수입 전기차, 뒷걸음질 친 국산차","['배', '수입', '전기차', '뒷걸음질', '친', '국산', '차']"
조선일보,전기차는 정말 친환경車일까?,"['전기차', '정말', '친환경']"
전자신문,"국민 95% ""전기차 구매 의사 있다""..선호 브랜드는 '테슬라'","['국민', '전기차', '구매', '의사', '선호', '브랜드', '테슬라']"
매일경제,전기차 생활 속으로..1000만원 싸지고 집에서 쉽게 충전,"['전기차', '생활', '속', '집', '충전']"
중앙일보,정의선-구광모 첫 단독 회동..국내 전기차 동맹 확대,"['정의선', '구광모', '첫', '단독', '회', '국내', '전기차', '동맹', '확대']"
아이뉴스24,[전기차 가속페달] 코로나19 사태 넘어서 성장 이어간다,"['전기차', '가속', '페달', '코로나', '사태', '성장', '간다']"
전자신문,"상반기 전기차 판매 23%↑..""테슬라, 보조금 45% 휩쓸어""","['상반기', '전기차', '판매', '테슬라', '보조금']"
KBS,中 바이튼 '생산 중단'..전북 전기차 산업 여파는?,"['바', '이튼', '생산', '중단', '전북', '전기차', '산업', '여파']"
지디넷코리아,크기 키우고 배터리 국산화..초소형 전기차 달라진다,"['크기', '배터리', '국산', '초소', '전기차']"
중앙일보,25년 iCar 출시?..애플의 전기차 출사표에 떨고 있는 테슬라,"['출시', '애플', '전기차', '출사표', '테슬라']"
머니투데이,전기차 판매량 23% 늘었지만..보조금 테슬라가 43% '꿀꺽',"['전기차', '판매량', '보조금', '테슬라', '꿀꺽']"
전자신문,내년 승용 전기차 보조금 100만원 깎인다..보급량 올해보다 2만대↑,"['내년', '승용', '전기차', '보조금', '보', '급량', '올해']"
연합뉴스,올해 첫 수출 전기차 평택항 출발..선적차량의 과반이 친환경차,"['올해', '첫', '수출', '전기차', '평택', '항', '출발', '선적', '차량', '과반', '친환', '경차']"
지디넷코리아,"포르쉐코리아 대표 ""전기차 보조금, 타이칸 구매 결정적 요인 아냐""","['포르쉐', '코리아', '대표', '전기차', '보조금', '타이', '칸', '구매', '결정', '요인']"
뉴시스,"기아차, 29조 투자해 전기차·모빌리티 솔루션 '승부수'(종합)","['기아차', '투자', '전기차', '모빌리티', '솔루션', '승부', '수', '종합']"
뉴시스,[車블랙박스]'3천만원↓ 전기차' 시대 앞당겨지나..배터리·보조금이 관건,"['블랙박스', '전기차', '시대', '배터리', '보조금', '관건']"
뉴시스,"다이슨, 전기차 프로젝트 미공개 사진·영상 추가 발표","['다이슨', '전기차', '프로젝트', '공개', '사진', '영상', '추가', '발표']"
매일경제,내년부터 고가 전기차 지원금 자른다..테슬라·벤츠 등 외제차 타격,"['내년', '고가', '전기차', '원금', '테슬라', '벤츠', '등', '외제차', '타격']"
지디넷코리아,"EV트렌드코리아 ""설문 응답자 95%, 전기차 구매 의사 있다""","['트렌드', '코리아', '설문', '응답', '전기차', '구매', '의사']"
지디넷코리아,"김현미 ""코나 전기차 화재 조사 결과 문제 발견되면 책임 묻겠다""","['김현미', '코', '전기차', '화재', '조사', '결과', '문제', '발견', '책임']"
정책브리핑,붕붕붕 우편물을 실으면 힘이 나는 꼬마 전기차,"['붕붕', '붕', '우편물', '실으', '힘', '나', '꼬마', '전기차']"
경향신문,"한국서도 전기차 충전 끝, 달릴 일만 남았다","['한국', '서도', '전기차', '충전', '끝', '일만']"
파이낸셜뉴스,"제네시스, SUV·전기차 확대..북미 고급차 시장 공략","['제네시스', '전기차', '확대', '북미', '고급', '차', '시장', '공략']"
중앙일보,"정의선, 땅 말고 하늘에 베팅..수직이착륙 전기차 띄운다","['정의선', '땅', '하늘', '베팅', '수직이착륙', '전기차']"
뉴시스,배터리가격 가파른 하락..전기차 대량생산 '성큼',"['배터리', '가격', '가파른', '하락', '전기차', '대량생산', '성큼']"
머니투데이,"'전기차 왕국' 유럽, 中을 제쳤다..코로나 시대에 급성장","['전기차', '왕국', '유럽', '제', '코로나', '시대', '급성']"
뉴시스,"[올댓차이나] 中 전기차 샤오펑, 광저우에 6800억 투입 제2공장 건설","['차이나', '전기차', '샤오펑', '광저우', '투입', '제', '공장', '건설']"
뉴시스,[車블랙박스]코로나19와 전기차 전성시대,"['블랙박스', '코로나', '전기차', '전성', '시대']"
뉴시스,"文대통령, 전기차 대표에 '엄지척'..장관엔 수출강국 '독려'","['대통령', '전기차', '대표', '엄지', '척', '장관', '수출', '강국', '독려']"
중앙일보,치열해진 세계 전기차 시장.. 테슬라 독주 속 폴크스바겐 추격,"['세계', '전기차', '시장', '테슬라', '독주', '속', '폴크스바겐', '추격']"
전자신문,'전기 뽑아쓴다'..내년에 나오는 국산 전기차 '차박' 돌풍 예고,"['전기', '내년', '국산', '전기차', '차박', '돌풍', '예고']"
지디넷코리아,[조재환의 EV세상] 여전히 전기차 충전 방해 근절 대책 없는 정부,"['조재환', '세상', '전기차', '충전', '방해', '근절', '대책', '정부']"
머니투데이,'빅뉴스' 없었던 테슬라 배터리데이..'2900만원 반값 전기차'는 솔깃,"['빅뉴스', '테슬라', '배터리', '데이', '반값', '전기차', '솔깃']"
뉴시스,[올댓차이나] 중국 전기차 스타트업 샤오펑 6000억 자금조달,"['차이나', '중국', '전기차', '스타트업', '샤오펑', '자금', '조달']"
연합뉴스,수입 전기차 판매는 날개 달았는데 국산 전기차는 뒷걸음질,"['수입', '전기차', '판매', '날개', '국산', '전기차', '뒷걸음질']"
지디넷코리아,"현대차·LG, 새로운 'E-GMP' 전기차 함께 만든다","['현대차', '전기차']"
연합뉴스,전기차 보조금 기준 손질 착수..테슬라 등 고가 차량 제외 검토,"['전기차', '보조금', '기준', '손질', '착수', '테슬라', '등', '고가', '차량', '제외', '검토']"
뉴시스,독일 '전기차 전환' 본격화..일자리 40만개 없어진다,"['독일', '전기차', '전환', '본격', '일자리']"
지디넷코리아,"국과수, 코나 전기차 화재 2건 조사 시작 안 했다","['국과수', '코', '전기차', '화재', '건', '조사', '시작', '안']"
연합뉴스,코로나19에도 전기차·수소차 수출 '씽씽',"['코로나', '전기차', '수소차', '수출']"
연합뉴스,정의선-최태원도 만났다..미래 전기차 배터리 협력 논의,"['정의선', '최태원', '미래', '전기차', '배터리', '협력', '논의']"
지디넷코리아,"전원 꺼진 전기차 완속충전기..정부·지자체 서로 ""네 책임""","['전원', '전기차', '완', '충전기', '정부', '지자체', '서로', '네', '책임']"
한경비즈니스,라이벌 속속 뛰어드는데..삼성이 전기차 안 만드는 이유,"['라이벌', '삼성', '전기차', '안', '이유']"
매일경제,"'방전 공포증' 스톱..'충전 백신' 맵퍼스 ""전기차 '살맛'나죠""","['방전', '공포증', '스톱', '충전', '백신', '맵', '퍼스', '전기차', '살맛']"
한국경제,"""2030년 세계 車 시장, 전기차 비중이 31%""","['세계', '시장', '전기차', '비중']"
지디넷코리아,[시승기] 디자인으로 압도하는 도심형 전기차..푸조 e-208,"['승기', '디자인', '압도', '도심', '전기차', '푸조']"
뉴시스,세계 완성차업체 전기차 플랫폼 '집중'..내년부터 진짜경쟁,"['세계', '완성', '차', '업체', '전기차', '플랫폼', '집중', '내년', '진짜', '경쟁']"
뉴시스,정의선·구광모 만난다..전기차 배터리 협업 논의,"['정의선', '구광모', '전기차', '배터리', '협업', '논의']"
연합뉴스,현대기아차 작년 전기차 6만3천대 수출..전년의 2.3배 '껑충',"['현대', '기아차', '작년', '전기차', '수출', '년', '배', '껑충']"
오토타임즈,[하이빔]충전 잦아지는 겨울 전기차,"['하이', '빔', '충전', '겨울', '전기차']"
한국경제,전기차 1000만원 싸게 못 산다..코로나에 바닥난 보조금,"['전기차', '못', '산다', '코로나', '보조금']"
노컷뉴스,"벤츠 'S클래스 전기차' EQS, EQC 부진 넘어설까","['벤츠', '클래스', '전기차', '부진']"
전자신문,[ET시선]'당근과 채찍' 필요한 전기차 시장,"['시선', '당근', '채찍', '전기차', '시장']"
연합뉴스,"머스크 ""5일 남았다..올해 전기차 50만대 납품 전력투구""","['머스크', '올해', '전기차', '납품', '전력', '투구']"
지디넷코리아,문 잠겼던 '양재 전기차 집중형 충전소' 다시 가보니,"['문', '양재', '전기차', '집중', '충전', '소', '다시']"
파이낸셜뉴스,내년 서울 전기차 보조금 1100만원..올해보다 소폭 감소,"['내년', '서울', '전기차', '보조금', '올해', '폭', '감소']"
뉴시스,"[車블랙박스]포니, 뉴트로 열풍타고 전기차로 내년 출시","['블랙박스', '포니', '뉴트', '열풍', '타고', '전기차', '내년', '출시']"
뉴시스,美 대선 끝나자 매수 나서는 서학개미..전기차 쇼핑 나섰다,"['대선', '매수', '서학', '개미', '전기차', '쇼핑']"
조선일보,"20분 충전, 500km 주행.. 속도내는 '진짜 전기차' 전쟁","['충전', '주행', '속도', '진짜', '전기차', '전쟁']"
일간스포츠,상반기 570% 성장한 수입 전기차..하반기도 달린다,"['상반기', '수입', '전기차', '하반기', '달린다']"
동아일보,바이든이면 더 좋겠지만..美대선 누가 당선돼도 전기차 '활짝',"['바이든', '더', '대선', '누가', '당선', '전기차', '활짝']"
한국경제,[단독] 제네시스 G80 전기차·G70 왜건형 나온다,"['단독', '제네시스', '전기차', '왜', '건형']"
중앙일보,코로나 뚫은 전기차 3분기 판매 사상최대..올 300만대 넘긴다,"['코로나', '전기차', '판매', '사상', '최대']"
매경이코노미,테슬라發 '카마겟돈' 전기차의 무한질주,"['테슬라', '카마', '겟돈', '전기차', '무한', '질주']"
노컷뉴스,[고재일의 뉴스톡]제주 전기차 2만대..관련산업은?,"['재일', '뉴스', '톡', '제주', '전기차', '관련', '산업']"
연합뉴스,"현대기아차, 英어라이벌에 1억유로 전략투자..상용전기차 개발","['현대', '기아차', '벌', '전략', '투자', '상용', '전기차', '개발']"
지디넷코리아,"올해 코나 전기차 실구매가, 작년보다 140만원 이상 상승","['올해', '코', '전기차', '실', '구매', '작년', '이상', '상승']"
데일리안,낙폭과대 전기차株..미끄럼 뒤 반등동력 되찾나,"['낙폭', '과대', '전기차', '미끄럼', '뒤', '반등', '동력']"
세계일보,"전기차·자율주행 결합, 차량 공유로.. 미래차 시대 '성큼' [모빌리티 전방위 융복합 본격화]","['전기차', '자율', '주행', '결합', '차량', '공유', '미래', '차', '시대', '성큼', '모빌리티', '방위', '융', '복합', '본격']"
뉴시스,"기아차, 2025년까지 전기차 등 29조 투자..영업이익률 6% 달성","['기아차', '전기차', '등', '투자', '영업', '이익', '률', '달성']"
한국경제TV,660% vs 4.4%..수입 전기차 판매 '폭발적',"['수입', '전기차', '판매', '폭발']"
중앙일보,전기차 판도 바꾼 진격의 테슬라..신차 부재 국내 시장 접수,"['전기차', '판도', '진격', '테슬라', '신차', '부재', '국내', '시장', '접수']"
지디넷코리아,"코나 전기차 화재 원인, 왜 냉각수 문제는 고려 안하나","['코', '전기차', '화재', '원인', '왜', '냉각수', '문제', '고려', '안', '하나']"
중앙일보,"점점 뜨거워지는 전기차 경쟁..혼다, 10월 첫 전기차 양산","['점점', '전기차', '경쟁', '혼다', '첫', '전기차', '양산']"
YTN,[생생경제] 현대 전기차 베터리3파전? '경쟁'보다 '협업'의미 더 커,"['생생', '경제', '현대', '전기차', '베터리', '파전', '경쟁', '협업', '의미', '더']"
SBS Biz,[이슈분석] 대망의 테슬라 '배터리 데이'..전기차 배터리 미래는?,"['이슈', '분석', '대망', '테슬라', '배터리', '데이', '전기차', '배터리', '미래']"
연합뉴스,中 지리 전기차 출시 앞서 전시장 확충..테슬라와 일전 예고,"['지리', '전기차', '출시', '앞서', '전시장', '확충', '테슬라', '일전', '예고']"
세계일보,"전기차 '사용 후 배터리' 재활용, 차세대 먹거리로 뜨나","['전기차', '사용', '후', '배터리', '재활용', '차세대', '먹거리']"
머니투데이,포터·봉고 EV는 벌써 인기..내년 '전기차 대중화' 예산 1兆,"['포터', '봉고', '벌써', '인기', '내년', '전기차', '대중화', '예산']"
전자신문,"쌍용 전기차 '코란도 e-모션', 시험생산 시작..미래차 경쟁력 강화도 추진","['쌍용', '전기차', '코란도', '모션', '시험', '생산', '시작', '미래', '차', '경쟁력', '강화도', '추진']"
지디넷코리아,"일론 머스크 ""2천만 원대 전기차 내놓겠다""","['론', '머스크', '원대', '전기차']"
연합뉴스,글로벌 전기차 업체 화재로 잇단 리콜..'K-배터리'도 곤혹,"['글로벌', '전기차', '업체', '화재', '리콜', '배터리', '도', '곤혹']"
중앙일보,"전기차 주가 급등하는데..美캐딜락 딜러들 ""전기차 안 판다""","['전기차', '주가', '급등', '캐딜락', '딜러', '전기차', '안', '판다']"
지디넷코리아,"제주 국제전기차엑스포, 12월로 또 연기","['제주', '국제', '전기차', '엑스포', '또', '연기']"
한국경제TV,'외제차보다 무섭다'..전기차 배터리 교체비만 수천만원,"['외제차', '전기차', '배터리', '교체', '비만', '만원']"
지디넷코리아,수입 전기차 돌풍 이끈 테슬라 모델3..성과와 과제,"['수입', '전기차', '돌풍', '테슬라', '모델', '성과', '과제']"
노컷뉴스,"정의선 ""5년내 세계 1위""..'전기차 대박' 선언","['정의선', '세계', '위', '전기차', '대박', '선언']"
아이뉴스24,"""전기차 시장, 이젠 티핑포인트에 이르렀다""","['전기차', '시장', '젠', '티핑', '포인트', '이르렀다']"
조선일보,"전기차 시장 꽃피는데, 중국이 부품산업 싹쓸이할 판","['전기차', '시장', '꽃', '중국', '부품', '산업', '싹', '판']"
머니투데이,사우디서도 달린다..현대차 수소전기차 라인업은?,"['사우디', '서도', '달린다', '현대차', '수소', '전기차', '라인업']"
JTBC,논란의 '전기차 코나' 국내 단종 검토..차주는 불안,"['논란', '전기차', '코', '국내', '단종', '검토', '차주', '불안']"
연합뉴스,"GM, 전기차 생산에 20억달러 투자..오프로드 전기차 '허머' 공개(종합)","['전기차', '생산', '투자', '오프로드', '전기차', '허머', '공개', '종합']"
연합뉴스,"아우디폭스바겐코리아 ""내년 전기차 포함 20종 이상 출시""","['아우디', '폭스바겐', '코리아', '내년', '전기차', '포함', '종', '이상', '출시']"
동아일보,전기차 보조금 줬더니.. 테슬라만 16배 폭풍성장,"['전기차', '보조금', '테슬라', '배', '폭풍성']"
머니투데이,"제주도, 전기차 '충전기 공유' 사업화 착수","['제주도', '전기차', '충전기', '공유', '사업', '착수']"
아이뉴스24,韓전기차 시장 개척한 'SM3 Z.E.'..올 연말 판매 종료,"['전기차', '시장', '개척', '연말', '판매', '종료']"
동아일보,전기차는 매년 느는데..충전소 인프라 '소걸음'에 곳곳서 갈등,"['전기차', '매년', '충전', '소', '인프라', '걸음', '곳곳', '갈등']"
KBS,"[ET] 애플, 전기차 시장 등판?..K-배터리 영향은?","['애플', '전기차', '시장', '등판', '배터리', '영향']"
데일리안,"""전기차 비싸게 살 필요 있나?""..르노삼성 SM3 Z.E.-르노 트위지","['전기차', '살', '필요', '르노', '삼성', '르노', '트위']"
지디넷코리아,[조재환의 EV세상] 비 맞으며 전기차 충전 언제까지?,"['조재환', '세상', '비', '전기차', '충전', '언제']"
IT동아,"갈 길 먼 전기차 충전 인프라, 대안은 없을까","['길', '전기차', '충전', '인프라', '대안']"
한국경제TV,비 많이 오는데..전기차 괜찮을까?,"['비', '전기차']"
연합뉴스,"한국기업 배터리 장착 전기차 모델, 中보조금 목록 포함돼","['한국', '기업', '배터리', '장착', '전기차', '모델', '보조금', '목록', '포함']"
시사저널,전기차가 쏘아올린 자동차 혁명,"['전기차', '자동차', '혁명']"
오토타임즈,"폭스바겐, 가격 '확' 낮춘 전기차 내놓을까?","['폭스바겐', '가격', '확', '전기차']"
전자신문,"서울, 전기차 보급 대수 7년만에 '제주' 앞섰다","['서울', '전기차', '보급', '대수', '제주']"
연합뉴스,"현대차-그랩, 인니 코로나 지정병원서 셔틀 전기차 운행","['현대차', '랩', '인니', '코로나', '정병', '셔틀', '전기차', '운행']"
KBS,"文 대통령 ""수소·전기차 육성""..울산이 '거점'","['대통령', '수소', '전기차', '육성', '울산', '거점']"
한국경제,"""제2의 반도체 잡아라""..세계는 전기차 배터리 '전쟁'","['제', '의', '반도체', '세계', '전기차', '배터리', '전쟁']"
파이낸셜뉴스,"GM ""전기차·자율주행차에 200억弗 투자.. 테슬라 잡겠다""","['전기차', '자율', '행차', '투자', '테슬라']"
지디넷코리아,올해 전기·수소전기차 누적 20만대 시대 열린다,"['올해', '전기', '수소', '전기차', '누적', '시대', '린다']"
뉴시스,내달 4일 'EV 트렌드 코리아 2020'..인기 전기차 한 자리에,"['내달', '트렌드', '코리아', '인기', '전기차', '자리']"
지디넷코리아,내년 전기차 국고보조금 100만원 줄어든 '최대 700만원',"['내년', '전기차', '국고', '보조금', '최대']"
연합뉴스,전기차 정기검사 때 배터리 확인..검사 기준 더 깐깐해진다,"['전기차', '정기', '검사', '때', '배터리', '확인', '검사', '기준', '더']"
전자신문,[이슈분석]전기차 넘보는 수입차..고성능 프리미엄 '6종' 하반기 데뷔,"['이슈', '분석', '전기차', '수입', '차', '고성능', '프리미엄', '종', '하반기', '데뷔']"
연합뉴스,"기아차, 전기차 공유사업 진출하나..코드42와 '퍼플엠' 설립","['기아차', '전기차', '공유', '사업', '진출', '하나', '코드', '퍼플', '엠', '설립']"
디지털타임스,"르노삼성, 전기차 한 우물만 팠다..""줄어든 보조금 채워드려요""","['르노', '삼성', '전기차', '우물', '보조금']"
지디넷코리아,비행기 닮은 태양광 전기차 나왔다,"['비행기', '태양광', '전기차']"
중앙일보,전기차 혹한시험 테슬라 제쳤다..코나 1등 이끈 건 열관리 기술력,"['전기차', '혹', '시험', '테슬라', '제', '코', '건', '관리', '기술']"
뉴시스,"한국타이어, 국산 기술로 '전기차 타이어' 시장도 선도","['한국', '타이어', '국산', '기술', '전기차', '타이어', '시장', '선도']"
지디넷코리아,"""수소전기차 기술은 최고지만, 충전소가 큰 걸림돌""","['수소', '전기차', '기술', '최고', '충전', '소가', '돌']"
중앙일보,"현대∙기아차 전기차 수출 '껑충'..""코나∙니로 이미 흑자""","['현대', '기아차', '전기차', '수출', '껑충', '코', '니', '흑자']"
연합뉴스,"GM, 코로나에도 전기차 투자 속도..""韓 연구소 인력 25% 투입""","['코로나', '전기차', '투자', '속도', '연구소', '인력', '투입']"
지디넷코리아,"中 전기차 샤오펑, 노르웨이에 수출됐다","['전기차', '샤오펑', '노르웨이', '수출']"
머니투데이,"""테슬라는 빼""..고가 전기차는 보조금 제외키로","['테슬라', '빼', '고가', '전기차', '보조금', '제외']"
머니투데이,전기차·수소차로 다 바꿔도 충전 걱정없는 이유,"['전기차', '수소차', '충전', '걱정', '이유']"
지디넷코리아,"현대차, 코나 전기차 화재 사과..""이달 중 조치 발표""","['현대차', '코', '전기차', '화재', '사과', '달', '중', '조치', '발표']"
뉴시스,"세계 완성차업체들, 전기차 시장 선점 '속도'..SW·서비스 중요성 커져","['세계', '완성', '차', '업체', '전기차', '시장', '선점', '속도', '서비스', '중요성']"
뉴시스,기아차 광주공장도 '부분파업' 동참..쟁점은 '전기차',"['기아차', '광주', '공장', '부분파업', '동참', '쟁점', '전기차']"
중앙일보,"""테슬라만 있나. 우리도 있다""..GM·포드도 전기차 'ON'","['테슬라', '우리', '포드', '전기차']"
연합뉴스,"현대·기아, 세계 전기차 브랜드 판매량 '톱5' 진입","['현대', '기아', '세계', '전기차', '브랜드', '판매량', '톱', '진입']"
조선비즈,출퇴근·우편집배용으로 활용..도심 좁은 길 달리는 '꼬마 전기차' 뜬다,"['출퇴근', '우편', '집배', '용', '활용', '도심', '길', '꼬마', '전기차']"
전자신문,내년 전기차 시장 관전포인트 '보조금 받는 차 vs 못 받는 차',"['내년', '전기차', '시장', '관전', '포인트', '보조금', '차', '못', '차']"
지디넷코리아,얼굴 바뀐 '코나 전기차' 공개,"['얼굴', '코', '전기차', '공개']"
머니투데이,수소·전기차 공장 美에? 車업계 바이든 효과 어디까지,"['수소', '전기차', '공장', '업계', '바이든', '효과', '어디']"
머니투데이,"전기차, 5년후 1000만원 인하..내연차와 '맞짱'","['전기차', '인하', '연차', '맞짱']"
매일경제,[Science] 전기차를 더 안전하고 강하게..배터리 '電쟁',"['전기차', '더', '배터리', '쟁']"
뉴시스,"거주지·직장에 전기차 충전기 50만기..""휴대전화처럼 상시 충전""","['거주지', '직장', '전기차', '충전기', '휴대전화', '상시', '충전']"
뉴시스,전기차로 출시됐으면 하는 차 1위 '볼보 S60',"['전기차', '출시', '차', '위', '볼보']"
조선비즈,"정의선-최태원 회동, 배터리 등 전기차 협력 논의(종합)","['정의선', '최태원', '회', '배터리', '등', '전기차', '협력', '논의', '종합']"
중앙일보,"[단독] 절박한 마세라티 ""모든 신차, 전기차 버전 내놓겠다""","['단독', '절박', '마세라티', '모든', '신차', '전기차', '버전']"
한국경제TV,전 세계 전기차 화재 잇달아..K배터리 안전성에 악재,"['전', '세계', '전기차', '화재', '달', '배터리', '안전성', '악재']"
뉴시스,화물차 무공해화 로드맵 마련된다..수소전기차 전환 추진,"['화물차', '무', '공해', '로드맵', '마련', '수소', '전기차', '전환', '추진']"
노컷뉴스,코로나로 '전기차' -24% 전망..韓배터리 고속성장 멈추나,"['코로나', '전기차', '전망', '배터리', '고속', '성장']"
지디넷코리아,中 10월 전기차 브랜드 판매량 성장세,"['전기차', '브랜드', '판매량', '성장', '세']"
디지털타임스,전기차도 날아오르나,['전기차']
국민일보,"'코로나 꺼져' 전기차 씽씽, 테슬라는 시가총액 1위 기염","['코로나', '전기차', '테슬라', '시가총액', '위', '기염']"
국민일보,"""세계 최대 전기차 시장인 중국을 잡아라""","['세계', '최대', '전기차', '시장', '중국']"
중앙일보,'전기차 순항' 테슬라 40만대 돌파..현대·기아차 글로벌 4위,"['전기차', '순항', '테슬라', '돌파', '현대', '기아차', '글로벌', '위']"
전자신문,[단독]현대차 '남는 전기 빼 쓰는 전기차' 출시,"['단독', '현대차', '전기', '빼', '전기차', '출시']"
머니투데이,이재용·정의선 첫 단독 회동..전기차 배터리 사업 논의,"['이재용', '정의선', '첫', '단독', '회', '전기차', '배터리', '사업', '논의']"
중앙일보,전기차 원년 앞두고 안전성 논란 불끄자..코나 해외70% 리콜,"['전기차', '원년', '안전성', '논란', '불', '코', '해외', '리콜']"
전자신문,"[이슈분석]중고 전기차, 내연기관보다 잔존가치 높아","['이슈', '분석', '중고', '전기차', '내연기관', '잔존', '가치']"
연합뉴스,"전기차 시장 따라 커지는 '동박' 수요..SK넥실리스 ""해외증설""","['전기차', '시장', '박', '수요', '넥실', '리스', '해외', '증설']"
뉴시스,"현대차그룹, 수소트럭·전기차 내세워 中 공략 강화","['현대차', '그룹', '수소', '트럭', '전기차', '공략', '강화']"
국민일보,"""애플 자율주행 전기차 2024년 출시"".. 핵심 전략은 배터리","['애플', '자율', '주행', '전기차', '출시', '핵심', '전략', '배터리']"
SBS,"전기차 늘린다는데..""충전은 지금보다 1시간 더""","['전기차', '충전', '지금', '더']"
쿠키뉴스,"전기차 선호도 증가..""3년 내 전기차 구매의사 있어""","['전기차', '선호', '증가', '내', '전기차', '구매', '의사']"
파이낸셜뉴스,"친환경 SUV 뜬다.. 현대·기아차, 수소·전기차 라인업 확대","['친환경', '현대', '기아차', '수소', '전기차', '라인업', '확대']"
KBS,"""5분 충전에 100km""..'테슬라 잡자' 현대도 전기차 '뼈대' 공개","['충전', '테슬라', '현대', '전기차', '뼈대', '공개']"
조선비즈,"전기차 코나, '불나' 됐는데 원인 규명 '깜깜'..잠 못이루는 전기차 운전자","['전기차', '코', '불', '원인', '규명', '깜깜', '잠', '전기차', '운전자']"
조선일보,"[단독] 현대차 코나 전기차, 브레이크 먹통에 시속 150km [영상]","['단독', '현대차', '코', '전기차', '브레이크', '먹통', '시속', '영상']"
아이뉴스24,"中, 전기차 보조금 정책 유지?..韓배터리 업계 '촉각'","['전기차', '보조금', '정책', '유지', '배터리', '업계', '촉각']"
조선일보,현대차 라이벌로 급부상한 'IT 전기차 동맹',"['현대차', '라이벌', '급부', '전기차', '동맹']"
연합뉴스,"포드·VM, LG화학-SK이노 소송에 전기차 생산 차질 우려","['포드', '화학', '이노', '소송', '전기차', '생산', '차질', '우려']"
중앙일보,포드도 전기차 배터리셀 생산 검토..K배터리 '위기와 기회',"['포드', '전기차', '배터리', '셀', '생산', '검토', '배터리', '위기', '기회']"
뉴시스,"현대차 찾은 與 ""2025년까지 전기차 113만대, 수소차 20만대 보급""(종합)","['현대차', '전기차', '수소차', '보급', '종합']"
전자신문,상반기 전기차 보급 2.2만대..올해 목표 7.3만대 가능할까,"['상반기', '전기차', '보급', '올해', '목표']"
연합뉴스,전기차에 충전기만 꽂으면 별도 인증 없이 자동 결제,"['전기차', '충전기', '별도', '인증', '자동', '결제']"
KTV,가로등 활용..전기차 쉽게 충전한다,"['가로등', '활용', '전기차', '충전']"
지디넷코리아,"[조재환의 EV세상] '벽돌' 코나 전기차 여전한데, 국토부는 신중 모드","['조재환', '세상', '벽돌', '코', '전기차', '국토부', '신중', '모드']"
연합뉴스,"""초소형 전기차, 승용차와 다른 별도 안전기준 필요""","['초소', '전기차', '승용차', '다른', '별도', '안전', '기준', '필요']"
뉴시스,"중국 전기차 배터리 시장, 3개월 연속 성장세..코로나19 회복 궤도","['중국', '전기차', '배터리', '시장', '개월', '연속', '성장', '세', '코로나', '회복', '궤도']"
경향신문,"트위지 같은 초소형 전기차, 별도 안전기준 필요할까","['트위', '초소', '전기차', '별도', '안전', '기준']"
IT동아,"아우디 코리아, 2021년 내 모델3급 전기차 선보일 예정","['아우디', '코리아', '내', '모델', '급', '전기차', '예정']"
머니투데이,'바닥쳤나'..1년 만에 증가세 돌아선 中 전기차 배터리 사용,"['바닥', '증가', '세', '전기차', '배터리', '사용']"
지디넷코리아,"현대차, 전기차 브랜드 '아이오닉' 확정..대형 전기 SUV도 출시","['현대차', '전기차', '브랜드', '아이오', '닉', '확정', '대형', '전기', '도', '출시']"
전자신문,"정의선 회장의 특명, ""제주 전기차 고객 환경 개선하라""","['정의선', '회장', '특명', '제주', '전기차', '고객', '환경', '개선']"
매일경제,테슬라 전기차 독주..상반기 보조금 900억 가져갔다,"['테슬라', '전기차', '독주', '상반기', '보조금']"
한겨레,"배터리 회동 마친 현대차, 차세대 전기차 속도 내나","['배터리', '회', '현대차', '차세대', '전기차', '속도', '내']"
뉴시스,"[올댓차이나] 도요타, 중국 톈진에 연산 20만대 전기차공장","['차이나', '도요타', '중국', '톈진', '연산', '전기차', '공장']"
한국경제,"디젤과 불과 200만원 차..""전기차, 이래도 안 살래?""","['디젤', '불과', '차', '전기차', '안', '살']"
조선비즈,전기차 전용 타이어로 모빌리티 패러다임 변화 선도하는 한국타이어,"['전기차', '전용', '타이어', '모빌리티', '패러다임', '변화', '선도', '한국', '타이어']"
전자신문,"[이슈분석] 벤츠·BMW, 전기차 시장 선점 실패..내년 라인업 확대로 반등 시도","['이슈', '분석', '벤츠', '전기차', '시장', '선점', '실패', '내년', '라인업', '확대', '반등', '시도']"
조선비즈,테슬라가 쏘아올린 니켈값.. 전기차 배터리 수요 껑충,"['테슬라', '니켈', '값', '전기차', '배터리', '수요', '껑충']"
지디넷코리아,"'3가지' 있는 애플, 전기차 성공 확률높다","['가지', '애플', '전기차', '성공', '확률']"
연합뉴스,코로나19 충격에 중국 전기차 보조금 2년 연장,"['코로나', '충격', '중국', '전기차', '보조금', '연장']"
중앙일보,20분이면 끝..전기차 초급속충전기 고속도로 휴게소에 깔린다,"['끝', '전기차', '초', '충전기', '고속도로', '휴게소']"
지디넷코리아,[조재환의 카테크] 애플 vs LG전자..누가 전기차 리더 되나,"['조재환', '카', '테크', '애플', '전자', '누가', '전기차', '리더']"
연합뉴스,제주 관광부터 동네 배달까지..초소형 전기차 르노 트위지 질주,"['제주', '관광', '동네', '배달', '초소', '전기차', '르노', '트위', '질주']"
뉴시스,유럽 친환경 기조에 '전기차 스마일'..한국 부품사도 함께 웃는다,"['유럽', '친환경', '기조', '전기차', '스마일', '한국', '부품', '사도']"
전자신문,"""충전·주차 눈치 안보는"" 콘센트형 전기차 충전기 주목","['충전', '주차', '눈치', '안보', '콘센트', '전기차', '충전기', '주목']"
아이뉴스24,"폭스콘, 전기차 만든다..탈스마트폰 가속화","['폭스콘', '전기차', '탈', '스마트폰', '가속']"
전자신문,[단독]배터리 교체 없이 전기차 30만km 달렸다..국내 첫 사례,"['단독', '배터리', '교체', '전기차', '국내', '첫', '사례']"
한국경제,"애플이 내놓는 전기차, 업계가 긴장하는 이유 [오춘호의 글로벌 뷰]","['애플', '전기차', '업계', '긴장', '이유', '오', '호의', '글로벌', '뷰']"
중앙일보,"""고장나면 차 한대 값"" 화재 잇따르는 전기차 수리비도 논란","['고장', '차', '값', '화재', '전기차', '리비도', '논란']"
오토타임즈,"전기차 판매 3년 간 7배 성장, 현대차가 견인","['전기차', '판매', '간', '배', '성장', '현대차', '견인']"
한국경제,"수소전기차·항공·로봇..정의선 ""상상 속 미래 모빌리티 앞당길 것""","['수소', '전기차', '항공', '로봇', '정의선', '상상', '속', '미래', '모빌리티', '것']"
뉴시스,"'美 교통장관 내정자' 부티지지, 전기차 보급 확대 천명","['교통', '장관', '내정자', '부티', '지지', '전기차', '보급', '확대', '천명']"
지디넷코리아,[조재환의 EV세상] 제주·남양주 코나 전기차 화재 수사 더딘 이유,"['조재환', '세상', '제주', '남양주', '코', '전기차', '화재', '수사', '이유']"
지디넷코리아,"[조재환의 EV세상] 전기차, 침수돼도 안전?..""방심 금물""","['조재환', '세상', '전기차', '침수', '안전', '방심', '금물']"
머니투데이,"수소차·순수전기차, 정의선式 그린뉴딜 양날개 펼쳤다","['수소차', '순수', '전기차', '정의선', '그린', '뉴딜', '날개']"
전자신문,"유가 하락에도 전기차 인기..르노삼성, SM3 Z.E·트위지 주목","['유가', '하락', '전기차', '인기', '르노', '삼성', '트위', '주목']"
연합뉴스TV,자동차시장 코로나에 제동 걸렸지만..전기차는 '고속질주',"['자동차', '시장', '코로나', '제동', '전기차', '고속', '질주']"
매일경제,"'차트 역주행' 전기차 생태계, 또다른 에너지는 '금융'","['차트', '역주행', '전기차', '생태계', '에너지', '금융']"
전자신문,"'벤츠의 굴욕'..쏘카, 벤츠 전기차 'EQC' 반납","['벤츠', '굴욕', '카', '벤츠', '전기차', '반납']"
중앙일보,기름값 사상 최저인데 배터리·전기차 질주의 역설,"['기름값', '사상', '최저', '배터리', '전기차', '질주', '역설']"
한국경제,아우디 e-트론 등판..'억' 소리 전기차 경쟁 본격화 예고,"['아우디', '트론', '등판', '억', '소리', '전기차', '경쟁', '본격', '예고']"
머니투데이,테슬라 '반값 전기차' 올라타자..배터리업계 세계대전,"['테슬라', '반값', '전기차', '배터리', '업계', '세계대전']"
KBS,"[취재후] ""브레이크가 안 들어""..현대 전기차 '코나'에 무슨 일이?","['취재', '후', '브레이크', '안', '현대', '전기차', '코', '무슨']"
지디넷코리아,"[조재환의 EV세상] 고가 전기차 보조금 제한, 누가 득 볼까?","['조재환', '세상', '고가', '전기차', '보조금', '제한', '누가', '득']"
YTN,친환경 분산전원 시스템 개발..전기차 확산 이끈다,"['친환경', '분산', '전원', '시스템', '개발', '전기차', '확산']"
노컷뉴스,"LG전자, 캐나다 마그나와 '맞손' 전기차 부품 만든다","['전자', '캐나다', '마', '그나', '손', '전기차', '부품']"
쿠키뉴스,'내연기관차+전기차' 결합한 '플러그인하이브리드(PHEV)',"['내연기관차', '전기차', '결합', '플러그인', '하이브리드']"
지디넷코리아,"기아차, 전기차 모빌리티 시대 위한 조직개편 단행","['기아차', '전기차', '모빌리티', '시대', '위', '조직개편', '단행']"
파이낸셜뉴스,"""독, 전기차 전환으로 10년간 일자리 40만개 사라질 것"" 정부 인가 보고서","['독', '전기차', '전환', '일자리', '것', '정부', '보고서']"
머니투데이,"전기차 충전, 주유소에서도 한다","['전기차', '충전', '주유소']"
연합뉴스,상반기 전기차 판매 23% 늘어..테슬라는 보조금 43% '독식',"['상반기', '전기차', '판매', '테슬라', '보조금', '독식']"
전자신문,새해 신차 5대 중 1대 '전기차'..'전동화 시대'로 달린다,"['새해', '신차', '중', '전기차', '동화', '시대', '로', '달린다']"
세계일보,"애플·바이두 등 ICT 공룡들의 전기차 시장 진출, 주가 상승 이끌어","['애플', '바이두', '등', '공룡', '전기차', '시장', '진출', '주가', '상승']"
뉴시스,"현대차 정의선-SK 최태원, 만난다..'K 전기차 배터리' 회동","['현대차', '정의선', '최태원', '전기차', '배터리', '회']"
연합뉴스,"GM, 수소전기차 니콜라와 전략적 제휴..지분 11% 취득","['수소', '전기차', '니콜라', '전략', '제휴', '분', '취득']"
머니투데이,전기차 폐배터리 끝장내기,"['전기차', '폐', '배터리', '끝장', '내기']"
머니투데이,"""테슬라 게섯거라""..현대·기아차 이제는 전기차 강자","['테슬라', '게섯거', '현대', '기아차', '이제', '전기차', '강']"
SBS Biz,테슬라 고속 질주..우리 전기차 현황과 과제는?,"['테슬라', '고속', '질주', '우리', '전기차', '현황', '과제']"
지디넷코리아,"현대차 코나 전기차 화재 원인, 결국 해 넘겨 발표","['현대차', '코', '전기차', '화재', '원인', '해', '발표']"
연합뉴스,전기차 보조금 타내려고 위장전입..5억원 부정수급 31명 적발,"['전기차', '보조금', '려고', '위장전입', '부정', '수급', '명', '적발']"
아이뉴스24,코로나19에도 전기차 수출 22.2% 늘었다,"['코로나', '전기차', '수출']"
MBC,[알려줘!경제] 테슬라 타고 몸집 불리는 중국 전기차. 배터리 산업,"['경제', '테슬라', '타고', '몸집', '중국', '전기차', '배터리', '산업']"
중앙일보,5년 후 전기차 가격 1000만원 낮춘다..미래차 133만대 보급,"['후', '전기차', '가격', '미래', '차', '보급']"
조선비즈,전기차 수난시대..현대·GM·아우디·볼보 잇따라 불나고 리콜,"['전기차', '수난', '시대', '현대', '아우디', '볼보', '리콜']"
파이낸셜뉴스,아이오닉5·CV·E100 내년 출격.. 테슬라 독주 끝낸다 [전기차시대 초고속 질주],"['아이오', '닉', '내년', '출격', '테슬라', '독주', '전기차', '시대', '초', '고속', '질주']"
IT동아,전기차들이 수입·국산 가리지 않고 국내에 몰려온다,"['전기차', '수입', '국산', '국내']"
조선비즈,"송호성 기아차 사장 ""2021년 전기차 핵심 타깃은 고급차 시장""","['송호성', '기아차', '사장', '전기차', '핵심', '타깃', '고급', '차', '시장']"
지디넷코리아,[조재환의 EV세상] 전기차 충전 방해 과태료 100만원 이하?..이용자는 헷갈린다,"['조재환', '세상', '전기차', '충전', '방해', '과태료', '이하', '이용자']"
전자신문,"블룸버그NEF, 2020년 전기차 시장 18% 하락 전망","['블룸버그', '전기차', '시장', '하락', '전망']"
지디넷코리아,"화웨이, 전기차 충전 영역 입지 확대","['화웨이', '전기차', '충전', '영역', '입지', '확대']"
지디넷코리아,"[조재환의 EV세상] ""흡연시설 보이는 전기차 충전소, 불안해요""","['조재환', '세상', '흡연', '시설', '전기차', '충전', '소']"
지디넷코리아,여전한 전기차 화재 공포..'안전한 전기차' 마인드는 실종,"['전기차', '화재', '공포', '전기차', '마인드', '실종']"
지디넷코리아,"잊혀지던 아이오닉, 현대차 전기차 핵심 브랜드로 발돋움","['아이오', '닉', '현대차', '전기차', '핵심', '브랜드', '발돋움']"
한국경제,日 '脫석탄' 로드맵..주역은 전기차·풍력·원전,"['석탄', '로드맵', '주역', '전기차', '풍력', '원전']"
연합뉴스,전기차 질주에 '2차전지 테마' ETF 수익률도 고공행진,"['전기차', '질주', '테마', '수익률', '고공', '행진']"
지디넷코리아,"코나 전기차 화재 사과한 현대차, 아이오닉 화재 원인도 밝힐까","['코', '전기차', '화재', '사과', '현대차', '아이오', '닉', '화재', '원인']"
지디넷코리아,"현대차·LG 회동, 전기차·전장 동맹 강화 신호탄 되나","['현대차', '회', '전기차', '전장', '동맹', '강화', '신호탄']"
조선비즈,"""전기차의 침묵은 새로운 캔버스를 창조했다""","['전기차', '침묵', '캔버스', '창조']"
뉴시스,"""비싸서 안 사요?""..전기차 가격 5년 내 1000만원 내린다","['안', '사', '전기차', '가격', '내', '린다']"
전자신문,"벤츠 vs BMW, 새해 '프리미엄 전기차' 시장서 맞붙는다","['벤츠', '새해', '프리미엄', '전기차', '시장']"
중앙일보,"배터리3사 '논스톱 흑자' 시동..삼성SDI ""내년 전기차 배터리 흑자전환""","['배터리', '사', '논스톱', '흑자', '시동', '삼성', '내년', '전기차', '배터리', '흑자', '전환']"
KBS,주차 4시간 된 전기차 화재..안전성 논란,"['주차', '전기차', '화재', '안전성', '논란']"
연합뉴스,현대차그룹 전기차 전용 브랜드 아이오닉 중국명은 '아이니커',"['현대차', '그룹', '전기차', '전용', '브랜드', '아이오', '닉', '중국', '아이']"
지디넷코리아,"유럽, 美 주춤하는 사이 전기차시장 2위 차지","['유럽', '주춤', '사이', '전기차', '시장', '위', '차지']"
조선비즈,"기아차, 2025년까지 전기차 11종 쏟아낸다..바뀐 엠블럼은 올 하반기 공개","['기아차', '전기차', '종', '엠블럼', '하반기', '공개']"
연합뉴스,"""전기차 배터리 대란 우려에.."" 글로벌 '합작 열풍' 분다","['전기차', '배터리', '대란', '우려', '글로벌', '합작', '열풍', '분다']"
데일리안,삼성·현대차 교집합..전기차 배터리株 '고속충전',"['삼성', '현대차', '교집합', '전기차', '배터리', '고속', '충전']"
뉴시스,유럽 당기고 중국 밀고..전기차 판매량상승에 배터리도 '활짝',"['유럽', '중국', '밀고', '전기차', '판매량', '상승', '배터리', '활짝']"
이코노미조선,"[중국 전기차가 온다] 전기차 '메카'로 떠오르는 中..""넥스트 테슬라 찾아라""","['중국', '전기차', '전기차', '메카', '로', '넥스트', '테슬라']"
조선비즈,"""전기차 시장 폭발적 성장"" 전망에.. 배터리 소재 업계도 '들썩'","['전기차', '시장', '폭발', '성장', '전망', '배터리', '소재', '업계']"
지디넷코리아,"전기차 정책, C학점..완속충전 인프라 대책 부족","['전기차', '정책', '학점', '완', '충전', '인프라', '대책', '부족']"
뉴시스,[車블랙박스]코로나19로 전기차 개화 시기 늦춰질까,"['블랙박스', '코로나', '로', '전기차', '개화', '시기']"
전자신문,"""전기차 보조금 선착순 지급인데""..신차 7종 모두 하반기 출시","['전기차', '보조금', '선착순', '지급', '신차', '종', '모두', '하반기', '출시']"
매일경제,[투자프레임 4.0] 그린뉴딜 투톱은 전기차·수소株,"['투자', '프레임', '그린', '뉴딜', '투톱', '전기차', '수소']"
뉴시스,"중국 전기차 시장, 회복 조짐..배터리 사용량 12개월만에 증가세","['중국', '전기차', '시장', '회복', '조짐', '배터리', '용량', '개월', '증가', '세']"
지디넷코리아,"정의선 ""2025년까지 전기차 100만대 판매..점유율 10% 목표""","['정의선', '전기차', '판매', '점유', '율', '목표']"
뉴시스,전기차 보조금 지급체계 개편..고가車 지급 제외 검토,"['전기차', '보조금', '지급', '체계', '개편', '고가', '지급', '제외', '검토']"
뉴시스,"[올댓차이나] 대만 훙하이, FCA와 중국서 전기차 합작..'脫스마트폰'","['차이나', '대만', '훙', '하이', '중국', '전기차', '합작', '스마트폰']"
뉴시스,車 정비시설 기준 완화..전기차 전문 정비소 부담 낮춰,"['정비', '시설', '기준', '완화', '전기차', '전문', '정비', '소', '부담']"
중앙일보,"기아차, 29조 투자 ""5년 내 전기차 점유율 6.6%로 높인다""","['기아차', '투자', '내', '전기차', '점유', '율', '로']"
뉴시스,"서울시, 올해 전기차 1만대 보급..보조금 최대 2700만원","['서울시', '올해', '전기차', '보급', '보조금', '최대']"
지디넷코리아,[EV팩트체크] 정부가 정말 코나 전기차 화재 후 급속 충전기 속도 줄였나,"['팩트', '체크', '정부', '정말', '코', '전기차', '화재', '후', '급속', '충전기', '속도']"
조선비즈,"[줌인] ""'제 2의 테슬라' 만들자""..中 전기차 스타트업에 '뭉칫돈 투자' 잇따라","['줌', '제', '의', '테슬라', '전기차', '스타트업', '뭉칫돈', '투자']"
연합뉴스,전기차 충전기 2천만세대 보급하고 그린수소 비중 80%로 늘린다(종합),"['전기차', '충전기', '보급', '그린', '수소', '비중', '로', '종합']"
조선비즈,전기차 주행거리 전쟁.. 1회 충전으로 가장 멀리 가는 차는?,"['전기차', '주행', '거리', '전쟁', '충전', '가장', '멀리']"
지디넷코리아,"폭스콘-아마존, 전기차 플랫폼 사업 손잡는다","['폭스콘', '아마존', '전기차', '플랫폼', '사업']"
국민일보,"전기차, 테슬라 독주에 수입↑ 국산 ↓","['전기차', '테슬라', '독주', '수입', '국산']"
JTBC,코나 전기차 '리콜'에도 소비자 불만..소송 움직임,"['코', '전기차', '리콜', '소비자', '불만', '소송', '움직임']"
머니투데이,"포스코케미칼, 양극재 2.5만톤 증설..전기차 시대 준비","['포스코', '케미칼', '재', '증설', '전기차', '시대', '준비']"
지디넷코리아,[조재환의 카테크] 전기차 '마이너스 옵션' 과감히 뺀 현대기아차,"['조재환', '카', '테크', '전기차', '마이너스', '옵션', '과', '감히', '현대', '기아차']"
한국경제TV,"[단독] 제네시스 전기차, SK 배터리 대거 탑재","['단독', '제네시스', '전기차', '배터리', '대거', '탑재']"
연합뉴스,"환경부-업계, 경유 화물차 '전기차 전환' 업무협약","['환경부', '업계', '경유', '화물차', '전기차', '전환', '업무', '협약']"
지디넷코리아,[조재환의 EV세상] 테슬라 충전소에 웬 SM3 전기차?,"['조재환', '세상', '테슬라', '충전', '소', '웬', '전기차']"
지디넷코리아,"[조재환의 EV세상] 현대차 아이오닉 5, 안전까지 챙긴 전기차 될까","['조재환', '세상', '현대차', '아이오', '닉', '안전', '전기차']"
지디넷코리아,[조재환의 EV세상] 코나 전기차 화재 벌써 11번째..원인규명 못하나,"['조재환', '세상', '코', '전기차', '화재', '벌써', '원인', '규명', '못', '하나']"
지디넷코리아,[조재환의 EV세상] 흡연구역 바로 옆 '교통약자 배려 전기차 충전소' 눈살,"['조재환', '세상', '흡연', '구역', '바로', '옆', '교통', '약자', '배려', '전기차', '충전', '소', '눈살']"
연합뉴스TV,"전기차 급성장..뛰어드는 수입차, 방어 나선 국산차","['전기차', '급성', '수입', '차', '방어', '나선', '국산', '차']"
오토타임즈,2021년 기대되는 국산 전기차 4종,"['기대', '국산', '전기차', '종']"
한국경제TV,"정의선, 전기차 배터리 '광폭 행보'","['정의선', '전기차', '배터리', '광폭', '행보']"
지디넷코리아,"[조재환의 EV세상] 전북 순창군, 전기차 충전방해 건축물 허가 논란","['조재환', '세상', '전북', '순창군', '전기차', '충전', '방해', '건축물', '허가', '논란']"
머니투데이,"'배터리 동맹' 모은 현대차, 전기차 꽃길 달린다","['배터리', '동맹', '현대차', '전기차', '꽃길', '달린다']"
중앙일보,"현대차 코나, '화재' 논란 속에서도 세계 전기차 판매량 3위","['현대차', '코', '화재', '논란', '속', '세계', '전기차', '판매량', '위']"
전자신문,올해 네덜란드서 가장 많이 팔린 전기차 '니로EV',"['올해', '네덜란드', '가장', '전기차', '니']"
경향신문,삼성·현대 '전기차 동맹' 배터리 시장 판도 흔든다,"['삼성', '현대', '전기차', '동맹', '배터리', '시장', '판도']"
지디넷코리아,2020년은 전기트럭의 해..승용 전기차보다 더 많이 팔렸다,"['트럭', '해', '승용', '전기차', '더']"
디지털타임스,"정의선 현대차 수석부회장 ""내년 전기차 도약 원년 될 것""","['정의선', '현대차', '수석', '부회장', '내년', '전기차', '도약', '원년', '것']"
더팩트,"LG화학, 전기차 배터리 분사설 '솔솔'..올해는 다를까?","['화학', '전기차', '배터리', '분', '사설', '솔솔', '올해']"
한국경제TV,테슬라 독주 막는다..전기차 패권 승부수,"['테슬라', '독주', '전기차', '패권', '승부', '수']"
동아일보,"배터리만큼 중요한 '전기차 타이어'.. 한국타이어, 글로벌 EV 타이어 시장 선도","['배터리', '전기차', '타이어', '한국', '타이어', '글로벌', '타이어', '시장', '선도']"
지디넷코리아,[조재환의 EV세상] 리콜 후 벽돌된 코나 전기차 800여대,"['조재환', '세상', '리콜', '후', '벽돌', '코', '전기차', '여대']"
경향신문,전기차 주행거리 2배 이상 늘리는 배터리 기술 개발,"['전기차', '주행', '거리', '배', '이상', '배터리', '기술', '개발']"
전자신문,"전기차 충전기 사업 넓히는 한전, 민간업체와 대충돌","['전기차', '충전기', '사업', '한전', '민간', '업체', '대충돌']"
뉴시스,"""전기차 불나면 어떻게""..소방대원 대응 매뉴얼 보급","['전기차', '소방대', '대응', '매뉴얼', '보급']"
한국경제,"현대·기아 전기차 서유럽 판매, 매년 2배 ↑..신차 효과 톡톡","['현대', '기아', '전기차', '서유럽', '판매', '매년', '배', '신차', '효과', '톡톡']"
시사저널,"""전국 2000만 세대에 전기차 충전기 보급한다""","['전국', '세대', '전기차', '충전기', '보급']"
한국경제,"유럽 봉쇄령 속 위기의 현대·기아차..""기댈 언덕은 전기차""","['유럽', '봉쇄', '령', '속', '위기', '현대', '기아차', '언덕', '전기차']"
연합뉴스,전기차 폐배터리 재사용 ESS 제작 기술 개발..성능 검증 돌입,"['전기차', '폐', '배터리', '재사용', '제작', '기술', '개발', '성능', '검증', '돌입']"
디지털타임스,"현대차, 차세대 전기차 'NE'..유럽 찍고 중국 간다","['현대차', '차세대', '전기차', '유럽', '중국', '간다']"
한국경제,"전기차, 이제 20분 충전해 서울서 부산까지 달린다","['전기차', '이제', '충전', '서울', '부산', '달린다']"
조선비즈,CATL 배터리 단 中 전기차 잇따라 화재..안전성 논란,"['배터리', '단', '전기차', '화재', '안전성', '논란']"
연합뉴스,"올해 미래 차 20만시대 연다..배달 화물차, 전기차로 본격 전환","['올해', '미래', '차', '연', '배달', '화물차', '전기차', '본격', '전환']"
MBN,전기차 늘어나는데 충전소는 '태부족',"['전기차', '충전', '소', '태', '부족']"
시사저널,"전기차 충전 기술의 어제와 오늘, 그리고 미래","['전기차', '충전', '기술', '어제', '오늘', '미래']"
지디넷코리아,"이재용-정의선, 자율주행·수소전기차 타고 미래車 협력","['이재용', '정의선', '자율', '주행', '수소', '전기차', '타고', '미래', '협력']"
머니투데이,"LG화학, 전기차 배터리 점유율 또 1위..中 '맹추격'","['화학', '전기차', '배터리', '점유', '율', '또', '위', '맹', '추격']"
전자신문,폭스바겐 야심작 전기차 'ID.4' 공개..주행거리 520km·6000만원 대,"['폭스바겐', '야심작', '전기차', '공개', '주행', '거리']"
노컷뉴스,"車업계 '내수방어' 3책..""감세‧중고차‧전기차""","['업계', '방어', '책', '감세', '중고차', '전기차']"
뉴시스,그린뉴딜에 車생태계 지각변동..내연기관차 밀어내는 전기차,"['그린', '뉴딜', '생태계', '지각', '변동', '내연기관차', '전기차']"
뉴시스,"대세는 전동화..현대모비스, 전기차 핵심 부품으로 '미래차 ON'","['대세', '동화', '현대', '모비스', '전기차', '핵심', '부품', '미래', '차']"
뉴시스,모빌리티 협력 기대 속..삼성은 왜 전기차 안 만들까,"['모빌리티', '협력', '기대', '속', '삼성', '왜', '전기차', '안']"
전자신문,"LS그룹, 6년 만에 전기차 충전기 시장 재진출","['그룹', '전기차', '충전기', '시장', '재', '진출']"
전자신문,"'e-트론·EQC' 수입 전기차 질주..""몸값 낮추니 잘 팔리네""","['트론', '수입', '전기차', '질주', '몸값']"
KBS,애플이 전기차 시동?..우리 산업 영향은?,"['애플', '전기차', '시동', '우리', '산업', '영향']"
한국경제,"루시드, 테슬라 잡을 전기차 내놨다","['루', '시드', '테슬라', '잡', '전기차']"
노컷뉴스,"푸조 2008, 전기차‧디젤 '맘대로 골라 타'","['푸조', '전기차', '디젤', '타']"
지디넷코리아,"[조재환의 카테크] 유명무실 전기차 충전방해금지법, IT기술이 답이다","['조재환', '카', '테크', '유명무실', '전기차', '충전', '방해', '금지법', '기술', '답']"
지디넷코리아,"기아차, 코로나19 속 선방..전기차로 위기극복","['기아차', '코로나', '속', '선방', '전기차', '위기', '극복']"
문화일보,"전기차 수출 질주.. 현대기아차, 벌써 작년 85% 달성","['전기차', '수출', '질주', '현대', '기아차', '벌써', '작년', '달성']"
파이낸셜뉴스,"GM, 전기차 시장 확대 나선다","['전기차', '시장', '확대']"
한국경제,전기차 양산 25년..20분 충전에 서울~부산 달린다,"['전기차', '양산', '충전', '서울', '부산', '달린다']"
지디넷코리아,경기 남양주서 또 코나 전기차 화재 발생..벌써 14번째,"['경기', '남양주', '또', '코', '전기차', '화재', '발생', '벌써']"
파이낸셜뉴스,2025년 전기차 100만 시대 연다,"['전기차', '시대', '연']"
지디넷코리아,"[EV 팩트체크] 국내 판매 코나 전기차에 SK 배터리 탑재?..""잘못된 정보""","['팩트', '체크', '국내', '판매', '코', '전기차', '배터리', '탑재', '정보']"
한국경제,팰리세이드급 실내 갖춘 전기차 NE..비결은 인휠 모터?,"['팰리세이드', '실내', '전기차', '비결', '인휠', '모터']"
디지털타임스,현대·기아 전기차 수출 날았다,"['현대', '기아', '전기차', '수출']"
연합뉴스,[특징주] '전기차 부품 합작사 설립' LG전자 11% 급등(종합),"['특징', '주', '전기차', '부품', '합작', '사', '설립', '전자', '급등', '종합']"
조선비즈,"미 교통안전국, 테슬라 '터치스크린 먹통' 문제 대규모 조사..전기차 수난시대","['교통', '안', '전국', '테슬라', '터치스크린', '먹통', '문제', '대규모', '조사', '전기차', '수난', '시대']"
중앙일보,내년엔 전기차 보조금 100만원 줄어..징벌적 손해배상 신설,"['내년', '전기차', '보조금', '징벌', '손해배상', '신설']"
일간스포츠,몰려드는 수입차..뜨거워지는 전기차 시장,"['수입', '차', '전기차', '시장']"
IT동아,[CES2020] 'PS5부터 전기차까지' 소니는 미래를 착실히 준비해 왔다,"['부터', '전기차', '소니', '미래', '준비']"
지디넷코리아,현대차 코나 전기차 단종설에 오너·예비 소비자 혼란,"['현대차', '코', '전기차', '단종', '설', '너', '예비', '소비자', '혼란']"
지디넷코리아,"[WWDC20] iOS 14 지도 앱, 전기차 충전소 찾아준다","['지도', '앱', '전기차', '충전', '소']"
조선일보,"머스크 ""3년내 반값 전기차 양산"".. 시장 반응은 ""에이~ 별거 없네""","['머스크', '반값', '전기차', '양산', '시장', '반응', '에이', '별거']"
머니투데이,2년 뒤엔 전기차 '어디서나' 충전할 수 있다,"['뒤', '전기차', '어디', '서나', '충전', '수']"
지디넷코리아,[조재환의 카테크] 교환형 전기차 배터리팩에도 변신이 필요한 시대,"['조재환', '카', '테크', '교환', '전기차', '배터리', '팩', '변신', '시대']"
KBS,강원도에서도 전기차 생산..정부 상생 일자리 첫발,"['강원도', '전기차', '생산', '정부', '상생', '일자리', '발']"
쿠키뉴스,전기차 전성시대..아우디·푸조·벤츠 등 전기차 대거 출시,"['전기차', '전성', '시대', '아우디', '푸조', '벤츠', '등', '전기차', '대거', '출시']"
전자신문,'충전 전기요금 인상 여파'..전기차 충전사업자 매물 나왔다,"['충전', '전기요금', '인상', '여파', '전기차', '충전', '사업자', '매물']"
뉴시스,"LG화학, 전기차 배터리 주도권 '꽉'..""내년 매출 16조원 전망""","['화학', '전기차', '배터리', '주도', '꽉', '내년', '매출', '전망']"
연합뉴스,"[통통 지역경제] ""우린 전기차 타고 출근해요"" 부산청춘드림카 인기","['통통', '지역', '경제', '우린', '전기차', '타고', '출근', '부산', '청춘', '드림', '카', '인기']"
중앙일보,수소전기차 판매 5배 늘었다..2019년 국내 자동차 시장,"['수소', '전기차', '판매', '배', '국내', '자동차', '시장']"
