Title,Keywords,Sentiment
경형 전기차 뜬다..가격 경쟁 '초읽기,None,Unknown
문재인 대통령도 제네시스 전기차 갈아탈까,"문재인 대통령, 제네시스, 전기차  ",
[레알시승기]'고급 전기차 세단의 기준'..제네시스 G80 전동화,"고급, 전기차, 세단, 기준, 제네시스 G80, 전동화",
엔진 없는 전기차 혁명..일자리도 바꾼다,"전기차 혁명, 일자리 변화  ",
'전기차' 타고 동해까지 달렸다..충전하다가 지쳤다,"전기차, 동해, 충전, 지쳤다",
[대한민국 희망프로젝트]〈733〉전기차 초고속 충전소,"희망, 전기차, 초고속, 충전소",
한라산에 BMW 전기차 무더기 방치..왜?,"한라산, BMW, 전기차, 방치",
[시승기] '고성능 패밀리 전기차' BMW iX.. 313km 주행거리는 아쉬워,"고성능, 패밀리, 전기차, 313km, 아쉬워",
전기차 모두 모여,None,Unknown
배터리 넘어 전기차 생태계 꾸리는 중국 CATL,"배터리, 전기차, 생태계, 중국, CATL",
"[친절한 경제] 전기차 시대, '바이 아메리칸' 대처는?","전기차 시대, 바이 아메리칸",
"'전기차 라인업' 완성하는 벤츠, 승자는 중국 배터리?",None,Unknown
"전기차 보조금, 예산 늘었는데 혜택은 줄어든다","전기차, 보조금, 예산, 혜택, 줄어든다",
'충전 대신 배터리 교체'..전기차 시장 흔드나?,"충전, 배터리 교체, 전기차, 시장 흔드나",
"전기차 사용자 90% 가 쓰는 앱, 이렇게 개발됐다","전기차, 사용자, 앱, 개발  ",
"[ESC] 전기차 시대, 왜 로고부터 바꾸지?","전기차, 시대, 로고, 바꾸다  ",
이젠 전기차도 시끄러워야 팔린다..포르쉐 타이칸 성공 공식,"전기차, 시끄러워야, 팔린다, 포르쉐, 타이칸, 성공  ",
"""수입차와 겨룰 수 있겠다"".. 기아 전기차 'EV6' 뜯어보기","수입차, 겨룰, 기아, 전기차, EV6",
"""보조금 없어도 괜찮아요"" 뜨거워지는 럭셔리 전기차 시장","""보조금"", ""괜찮아요"", ""뜨거워지는"", ""럭셔리"", ""전기차"", ""시장""",
"""테슬라가 다 받아갈라"" 전기차 보조금 고갈?","테슬라, 전기차, 보조금, 고갈  ",
E-GMP 고성능 전기차·스타리아 수소차..'티징'으로 눈치챘다,"E-GMP, 고성능, 전기차, 스타리아, 수소차, 티징",
스마트폰처럼 간편하게..가로등 찾아가 전기차 충전한다,"간편, 전기차, 충전",
"중국 전기차 기업들 테슬라 추격전..니오, 'ET5' 공개","중국 전기차, 테슬라, 니오, ET5, 추격전",
"[ESC] 캠핑, 전기차 SUV로 가는 날 올까?","캠핑, 전기차, SUV",
"기술의 혼다, 전기차 앞서 하이브리드로 승부 걸다",None,Unknown
"인도네시아, G20 정상회의 의전차량 제네시스 전기차 채택",None,Unknown
"전기차-배터리 화재 논란, 초기에 잠재워 안전 담보해야[광화문에서/이상훈]",None,Unknown
"포르셰님, 전기차에 무슨 짓을 한 건가요?","포르셰, 전기차, 무슨 짓",
"중국 전기차 '춘추전국' 끝내나..""합병·재편 장려""",None,Unknown
"""달릴수록 값어치 한다""..'제네시스 전기차' G80 선택할 이유 [신차털기]",None,Unknown
"미국 전기차 충전소 설치 '합종연횡'..""수익성은 불투명""","미국, 전기차, 충전소, 설치, 합종연횡, 수익성, 불투명",
중국 전기차 바이톤 파산 위기..적자생존 본격화 예고,"중국 전기차, 바이톤, 파산 위기, 적자생존, 본격화",
전기차 충전요금은 왜 오를까[이원주의 날飛],"전기차, 충전요금, 오르다  ",
2022 '스트리트 전기차 파이터',"스트리트, 전기차, 파이터  ",
"전기차 EV6는 어디 차?..기아차 'X', 기아 'O'",None,Unknown
"'미국 제재' 화웨이, 전기차 사업 본격 진출..SUV 합작생산",None,Unknown
전기차 급속충전기 사용 요금 오른다..내일 공고,None,Unknown
2030년 자동차 대전환..내연기관차 저물고 전기차 떠오른다,None,Unknown
외계인이 전기차를 왜?..포르셰 전기차가 다른 세가지,"외계인, 전기차, 포르셰, 다른 세가지",
"미, 자문위 구성해 충전소 표준지침..전기차 로드맵 본격화",None,Unknown
배터리 교환식 전기차 밀어붙이는 중국..11개 시범도시 지정,"배터리 교환식 전기차, 중국, 시범도시  ",
"전기차 투자, 부품주에 주목하라..추천 종목은?[부꾸미TALK]",None,Unknown
"효율에서 터보까지, 올해 전기차 풍년","효율, 터보, 전기차, 풍년  ",
보조금 받는 전기차 내년 두배로 늘어난다..지급 기준은 강화,None,Unknown
"전기차 수백억 지원하고도, 몇 대 굴러다니는지 '깜깜'","수백억, 지원, 몇 대, 굴러다니는, 깜깜",
보닛 속 휑한데..내연차보다 300kg 더 무거운 전기차 왜 [주말車담],"보닛, 휑하다, 내연차, 더 무겁다, 전기차",
"""몰랐다 놀랐다""..테슬라 20년 앞섰던 쌍용차, '날개달린 전기차' 1995년 내놨다 [왜몰랐을카]",None,Unknown
"친환경 전기차, 배터리도 친환경일까[정우성의 미래과학 엿보기]","친환경, 전기차, 배터리, 미래과학",
푸조 e-2008 전기차..'주행거리'만 빼면 다 좋다[차알못시승기],None,Unknown
"[리뷰] 시내 배달, 출퇴근에 안성맞춤 초소형 전기차, 마이브 M1","시내 배달, 출퇴근, 초소형 전기차, 안성맞춤, 마이브 M1",
전기차 전환 논의가 놓친 논쟁들,None,Unknown
테슬라 보조금 깎인다..전기차 시장 재편되나?,None,Unknown
100년 역사의 차 브랜드 흔드는 전기차[김도형 기자의 일편車심],None,Unknown
"전기차 직접 운전한 '바이든'..""중국 놔두지 않겠다""","전기차, 바이든, 중국",
전기차 시대 성큼 다가왔지만..자칫 불나면 통제불능?,None,Unknown
전기차 속속 출시되는데..늘어나는 결함 폭증하는 리콜,None,Unknown
"[류청희의 젠틀맨 드라이버]전기차 시대, 슈퍼카의 변신",None,Unknown
기아 첫 전용 전기차 윤곽 드러내..이름은 'EV6',None,Unknown
"줄어드는 전기차 보조금, 소비자 부담 우려","줄어드는, 전기차 보조금, 소비자 부담, 우려",
미국 재건법안 무산 위기에 전기차 주가 일제히 하락,None,Unknown
2025 제네시스 '전기차 르네상스' 연다,"제네시스, 전기차, 르네상스, 2025",
[트랜D] 점차 치열해지는 전기차 시장의 승자는 누굴까,"전기차, 치열, 시장, 승자  ",
"포르쉐 타이칸이 테슬라에게..""전기차의 감성은 이런거야""[차알못시승기]",None,Unknown
상반기 국내 자동차 판매 줄었는데..수입차·전기차 '돌풍',"국내 자동차 판매, 수입차, 전기차, 돌풍",
"""작년 전기차 시장, 유럽이 중국보다 커졌다""","전기차, 시장, 유럽, 중국",
전기차 지형 재편? 증시 테슬라 '제동' 전통완성차 '가속',None,Unknown
전기차 아니면 '명함' 내밀기 힘들겠네,"전기차, 명함, 힘들",
수입차에 밀린 '르쌍쉐'..전기차로 반전 기회 잡을까,None,Unknown
[심층취재] 관리 주체 제각각..전기차 충전기 방치 불렀다,"관리 주체, 전기차, 충전기, 방치",
"미국 렌터카업체, 전기차 구매 '큰손'으로 뜬다","미국, 렌터카업체, 전기차, 구매, 큰손",
제네시스 G80 전동화모델 계약 2천대 돌파..고급 전기차 '선점',"제네시스 G80, 전동화모델, 계약, 2천대, 고급, 전기차, 선점  ",
'운전자 부담' 전기차 배터리..보험 전액 보상 받는다,None,Unknown
"전기요금 올랐는데, 전기차 괜찮을까","전기요금, 올라가다, 전기차, 괜찮다",
"""테슬라 등 수입 증가에 대미·대중 전기차 무역적자 심화""",None,Unknown
"전기차 주행거리 800km 시대..한국은 못만드나, 안만드나[허심車톡(Talk)]","전기차, 주행거리, 800km, 한국  ",
"1억짜리 벤츠 전기차 타보니..조용한 고급차, 그 이상이 없네[차알못시승기]",None,Unknown
전기차·수소차 고속도로 통행료는 왜 반드시 하이패스로 해야할까?,"전기차, 수소차, 고속도로, 통행료, 하이패스  ",
"전기차 보급 한창인데 보조금 부족..환경부 ""지방비 확보 나선다""","전기차, 보급, 보조금 부족, 환경부, 지방비 확보",
"GM ""2025년, 전기차 판매 테슬라 따라잡는다""",None,Unknown
"""유럽서 경형 전기차 인기..가격 경쟁 본격화될 것""",None,Unknown
"""전체 자동차 중 0.8%는 전기차""..전력거래소, 보급현황 분석",None,Unknown
"쾌속질주 전기차..아이오닉 5·EV6, 반년 만에 5만대 돌파",None,Unknown
"中 전기차 업계, 인재 영입 전쟁..""연봉 50% 올려 스카우트""","전기차, 인재 영입, 전쟁, 연봉, 스카우트  ",
꺼도 꺼도 살아나는 불꽃..전기차 화재에 소방관 골치,"전기차, 화재, 소방관, 골치",
'전기차 지원↓·경차 혜택↑'..새해 달라지는 자동차 제도,"전기차, 지원, 경차, 혜택, 달라지는 자동차 제도",
가나 첫 전기차는 현대 코나..시험운행 후 '긍정' 평가,"가나, 전기차, 현대 코나, 시험운행, 긍정 평가  ",
10년내 20조원 시장 열린다..너도나도 '전기차 폐배터리' 사업,None,Unknown
"제네시스, 2025년부터 신차는 수소·배터리 전기차만 출시(종합)","제네시스, 2025년, 신차, 수소, 배터리, 전기차",
"인도네시아 대통령 만난 정의선..""전기차 생태계 조성 손잡자""","인도네시아, 대통령, 정의선, 전기차, 생태계, 조성, 손잡자  ",
"인도네시아 ""2050년부터 신차는 전량 전기차 판매만 허용""","인도네시아, 2050년, 신차, 전량, 전기차, 판매, 허용  ",
"호랑이해, 전기차야말로 '기호지세'","호랑이해, 전기차, 기호지세",
"[하이빔]전기차, 보조금 쏟아부어야 탄소 중립?","전기차, 보조금, 탄소 중립  ",
[서울모빌리티쇼] 전기차·첨단기술로 모빌리티 미래 엿본다,None,Unknown
"현대차 ""2023년까지 양산할 전기차 배터리 모두 확보""","현대차, 2023년, 양산, 전기차, 배터리, 확보  ",
"삼성전자·하이닉스 판 개미들, 중국 전기차 ETF 샀다","삼성전자, 하이닉스, 개미들, 중국, 전기차, ETF",
"제네시스 첫 전용 전기차 GV60 타보니..너, 미래에서 왔구나","제네시스, 전용 전기차, GV60, 미래",
"""너무 조용하면 안돼""..전기차 음향 발생기 장착 의무화 추세","조용, 음향 발생기, 장착 의무화, 추세",
전기차 특수? 하이브리드도 잘나간다,"전기차, 하이브리드, 잘나간다",
전기차로 부품업체 일자리 수십만개 소멸 공포..'폭풍전야',"전기차, 부품업체, 일자리, 소멸, 공포, 폭풍전야  ",
[단독] 전기차 '열폭주' 멈출 장비 필요한데..국회는 '냉담',None,Unknown
쏘나타 생산라인서 아이오닉6 만들까..전기차 라인 전환 '촉각',None,Unknown
"""전기차 운행하고 배출권거래제로 수익 올려 재투자""","전기차, 운행, 배출권거래제, 수익, 재투자",
충전 대신 배터리 갈아끼는 전기차..중국서 대세될까,"충전, 배터리, 갈아끼다, 전기차, 중국, 대세",
GV60 뽑고싶은데..전기차 보조금 동났나고?,"GV60, 전기차, 보조금, 뽑고 싶다, 동났다  ",
"기아, 스웨덴 전기차시장서 테슬라 제쳐..네덜란드선 7월부터 1위","기아, 스웨덴, 전기차시장, 테슬라, 네덜란드, 1위",
스웨덴 폴스타 국내 상륙..수입 전기차시장서 테슬라와 격돌(종합),None,Unknown
"양기대 ""전기차는 급증하는데..화재진압 장비는 턱없이 부족""","전기차, 급증, 화재진압, 장비, 부족",
글로벌 전기차 시장 '격화'..미국 고삐 죄며 중국 견제 나서,None,Unknown
"전기차 강국 노르웨이 ""보조금 보다는 운행 혜택 중요""",None,Unknown
[서울모빌리티쇼] 전기차 뛰어든 중소업체들..밴부터 SUV까지 각양각색(종합),None,Unknown
"애플 협력업체 대만 폭스콘, 첫 전기차 모델 3종 공개","애플, 협력업체, 대만, 폭스콘, 전기차, 모델, 공개  ",
"""고속도로서 전기차 충전 더 쉽게""..충전기 1천여기 구축",None,Unknown
"[단독] 전기차 화재 '1000도 열폭주'..""기존 방식으론 진화 어려워""",None,Unknown
전기차 보조금 100% 지급 상한액 6천만→5천500만으로 조정한다,"전기차, 보조금, 지급, 조정",
도요타도 미국에 배터리공장 짓는다..전기차시장 각축전 가열,"도요타, 미국, 배터리공장, 전기차시장, 각축전, 가열  ",
중국 수소전기차 육성 나서..상하이 일대 첫 시범지역,"중국, 수소전기차, 육성, 상하이, 시범지역",
현대차·기아 모두 '강성노조'..전기차 전환기에 변수될까,"현대차, 기아, 강성노조, 전기차, 전환기, 변수",
"[신차드라이브]BMW iX ""압도적 존재감..전기차 첨단 기술의 정점""",None,Unknown
"폭스콘, 미 스타트업 피스커 손잡고 전기차 생산",None,Unknown
포드-리비안 '전기차 동맹' 깨졌다,"포드, 리비안, 전기차, 동맹, 깨졌다",
전기차 정부지원금 10년간 3.8조원 썼지만 충전 인프라 태부족,"정부지원금, 충전 인프라, 태부족",
"삼성SDI-스텔란티스, 미국에 23GWh 전기차 배터리 합작공장 설립",None,Unknown
"전기차 보조금 남아돈다..서울, 보급률 전국 최하위","전기차, 보조금, 서울, 보급률, 최하위",
팬데믹속 독일 IAA 개막..전기차·수소차·자율주행차로 질주,"팬데믹, 독일 IAA, 전기차, 수소차, 자율주행차, 개막, 질주  ",
부품업계도 전기차 시계 빨라지는데..중소업체는 '아직',None,Unknown
소형 전기차 글로벌 大戰,"소형 전기차, 글로벌 전쟁",
배터리 때문에 비싼 전기차..언제 내연차 수준으로 떨어질까,"배터리, 비싼, 전기차, 내연차, 수준, 떨어질까",
"[횡설수설/박중현]바이든 ""전기차가 미래""","바이든, 전기차, 미래",
테슬라 제쳤다.. 中 전기차·배터리 무서운 질주,"테슬라, 중국 전기차, 배터리, 질주",
지금 전기차가 넘어야 할 턱들,None,Unknown
"[같이경제] ""전기차 보조금 동났다""..내년은?",None,Unknown
"미, 전기차 세제지원 제동걸리나..'여당내 야당' 맨친 의원 반대","전기차, 세제지원, 제동, 반대  ",
[fn스트리트] 전기차 과속 경고음,"전기차, 과속, 경고음  ",
"현대차, 인도네시아서 전기차 생산할 '숙제' 하나 풀었다","현대차, 인도네시아, 전기차, 생산, 숙제  ",
"中전기차 유럽시장 공략..웨이라이, ET7 내년 독일서 판매","전기차, 유럽시장, 웨이라이, ET7, 판매, 독일  ",
"""전기차 배터리 진화 가장 어려웠다""","전기차, 배터리, 진화, 어려웠다  ",
[車블랙박스]아이오닉5·모델Y..전기차 '왕좌 쟁탈전' 시작됐다,"아이오닉5, 모델Y, 전기차, 왕좌, 쟁탈전",
'소리 없는 아우성'.. 전기차 100종 몰려온다,"소리 없는, 아우성, 전기차, 100종",
"[단독] 현대차 ""미국서 전기차 생산""..8조 4천억 투자","현대차, 미국, 전기차, 생산, 투자",
불붙은 전기차 왕좌 다툼에..충전 인프라 경쟁도 '후끈',"전기차, 왕좌 다툼, 충전 인프라, 경쟁, 후끈",
"부진한 자동차 시장, 전기차로 살아날까",None,Unknown
[하이빔]친환경 전기차의 에너지 역설,"친환경, 전기차, 에너지, 역설",
전기차·투어버스 있는데 비슬산에 웬 케이블카?,"전기차, 투어버스, 비슬산, 케이블카  ",
"2022년 쏟아지는 전기차 라인업, '대중화 원년' 승자는?","전기차, 대중화, 승자",
반도체 수급난에도 수입 전기차 잘나간다..작년보다 52%↑ 2만대 돌파,None,Unknown
전기차 앞세운 서울모빌리티쇼..판매량 얼마나 늘었나,"전기차, 서울모빌리티쇼, 판매량  ",
"전기차 급가속하는 글로벌 자동차업계..""내연기관 미래없다""","전기차, 급가속, 글로벌 자동차업계, 내연기관, 미래없다  ",
상하이모터쇼 개막..전기차 주도권 놓고 신구 세력 대격돌,None,Unknown
포르쉐 잡으러 한국 왔다..'안전제일' 고성능 전기차 '폴스타' 상륙,None,Unknown
[그래?픽!]충전소가 주유소보다 많다?..전기차의 모든 것,None,Unknown
전기차 시대 '원년'..충전소 확충 '안간힘',"전기차, 원년, 충전소, 확충, 안간힘",
전기차 지원금 최대 1천900만원..수소차 3천750만원,None,Unknown
"전기차 '에너지등급제' 시동..완성차 ""시기상조""","에너지등급제, 시동, 완성차, 시기상조  ",
아파트 전기차 충전구역도 일반차 주차하면 과태료 물린다,"아파트, 전기차, 충전구역, 일반차, 주차, 과태료",
제주 목장·도심 곳곳 수입 전기차 무더기 방치..왜?,"방치, 전기차, 제주, 도심, 무더기",
"반도체 수급난 심화..중고 전기차, 신차 가격 추월","반도체 수급난, 중고 전기차, 신차 가격 추월",
"전기차엔 필요 없는 '그릴', 더 크고 길어졌다","전기차, 그릴, 크고 길어졌다",
"""뭉쳐야 산다"" 전기차 플랫폼·배터리 동맹 속속 출현","""뭉쳐야 산다"", 전기차 플랫폼, 배터리 동맹, 출현  ",
[현장K] 전기차 선도 지역 맞아?..'충전기'도 곳곳에 방치,None,Unknown
"[같이경제] 전기차, 언제 살까?","전기차, 언제, 살까",
"테슬라 전용 충전소, 타사 전기차에도 연내 개방키로","테슬라, 전용 충전소, 타사, 전기차, 개방",
접지력 높이고 소음 줄이고.. 타이어도 전기차 시대 준비,None,Unknown
"美 에너지·교통부, '전기차 충전소' 자문위·사무실 설치",None,Unknown
제네시스·벤츠·아우디.. 하반기에 고급 전기차 쏟아진다,None,Unknown
불나면 끄기 어려운 '전기차 열폭주'..119의 해법은,None,Unknown
전기차 늘어나자 '충전 마케팅'으로 차별화,"전기차, 늘어나다, 충전 마케팅, 차별화  ",
"""테슬라를 넘어라"" 달아오르는 전기차 시장 하반기 대격돌","테슬라, 전기차, 시장, 대격돌  ",
전기차 성능 높일 배터리 음극재 제조기술 개발..11억 기술이전,None,Unknown
요즘 전기차 '럭셔리'에 꽂히다,"전기차, 럭셔리  ",
"[시승]전기차에 가장 가까운 하이브리드, 혼다 어코드","전기차, 하이브리드, 혼다 어코드, 시승",
전기차 방치 사태에 놀란 제주도..전수조사 후 보조금 제한 벌칙,None,Unknown
[전기차 보조금 대란]③ 보조금따라 판매량 들쑥날쑥.. 지자체별 기준도 제각각,"보조금, 판매량, 들쑥날쑥, 지자체별 기준, 제각각",
"282조원 쏟아부었지만..""2030년까지도 전기차 배터리 부족""","282조원, 쏟아부었지만, 2030년, 전기차, 배터리 부족",
"한국GM, 美전기차 전략 '캐시카우' 맡는다",None,Unknown
"스포츠카 '로터스', 중국서 전기차 만든다","스포츠카, 로터스, 중국, 전기차",
테슬라 제친 아이오닉5.. 국내 전기차시장 '대지진',"아이오닉5, 테슬라, 국내 전기차시장, 대지진",
"""전기차 등 무공해차 올해 30만대까지 보급""..정부, 방안 논의",None,Unknown
"중국, 차 없는 집이 전기차 사면 '번호판 선물' 추진",None,Unknown
"정의선 ""제네시스 전기차로 담대한 여정""",None,Unknown
"""고소득층 위주 전기차 보급 추세..가격·인프라 없이 '빅뱅' 없다""",None,Unknown
"""전기차 지원금 없애라""..머스크, 中 추켜세우며 美 정책 맹비난",None,Unknown
"전세계 전기차 10년간 1000만→1억4500만대 늘어야 한다는데, 될까?",None,Unknown
"'디폴트 위기' 중국 헝다, 부동산 줄이고 전기차 중심 재편 계획","디폴트 위기, 헝다, 부동산 줄이고, 전기차 중심, 재편 계획",
[하이빔]정치 영역으로 들어간 미국 전기차,"정치, 미국, 전기차  ",
원가 오르는데 보조금 깎이는 전기차..'소비자 떠날라' 업계 전전긍긍,None,Unknown
"수출로 버티는 코나·니로, 전용 전기차에 밀려 국내 단종되나",None,Unknown
'대세는 전기' 서울모빌리티쇼 전기차 향연,None,Unknown
'배터리 절반 남으면 충전'..공유 전기차 '주행거리 불안',None,Unknown
"바이든, 탄소중립 공식화..美 전기차 전환 '가속페달'","바이든, 탄소중립, 전기차, 전환, 가속페달  ",
'스타리아·카니발' MPV 전기차 언제 나오나,None,Unknown
"""전기차 맹주 아직 없다""..폭스콘·샤오미·SONY도 도전장","전기차, 맹주, 폭스콘, 샤오미, SONY, 도전장",
"印尼 대통령 만난 정의선 ""아세안 전기차 생태계 구축 지원""","아세안, 전기차, 생태계, 지원",
친노조 美 빅3 전기차에 세제지원..무노조 테슬라·도요타 반발,"친노조, 세제지원, 무노조, 반발",
아우디 고성능 전기차 'e-트론 GT' 국내 공개..연내 출시,"아우디, 고성능, 전기차, e-트론 GT, 국내 공개, 연내 출시",
"""美·中·EU 2030년 전기차 점유율 35%..EU서 40만명 실직""",None,Unknown
"""소비자 10명 중 8명, 환경보호 위해 전기차 대중화 필요""","소비자, 환경보호, 전기차, 대중화, 필요  ",
"""전기차, 2027년께 내연기관차보다 생산단가 낮아져""",None,Unknown
발동 걸린 미 전기차 배터리 제조업..신규 투자 잇따라,"미 전기차, 배터리 제조업, 신규 투자",
"""테슬라 왜 사니""..'독한' 전기차, 쏟아진다 [카이슈]",None,Unknown
"정의선의 승부수, 제네시스 전기차만 만든다",None,Unknown
올해 국내서 전기차 7만1000대 팔렸다..세계 7위 시장(종합),None,Unknown
보조금 없어도 팔린다.. 1억 넘는 전기차·수입 PHEV 강세,"보조금, 팔린다, 1억, 전기차, 수입 PHEV, 강세",
EV6·EQA 전기차 신차 쏟아지는데..보조금 충분할까,None,Unknown
빨라지는 전기차 시계에..글로벌 완성차업계 구조조정 '가속',None,Unknown
"""제네시스 2025년부터 전기차만 출시""","제네시스, 2025년, 전기차, 출시",
남아공 전기차 1천509대뿐..전세계 약1천만대,"남아공, 전기차, 1천509대, 전세계, 약 1천만대",
'더 높은 레벨을 향해'.. 자율주행·전기차 '속도전',"높은 레벨, 자율주행, 전기차, 속도전  ",
전기차도 럭셔리 바람..포르쉐·아우디·벤츠 경쟁 '치열',None,Unknown
인니와 손잡은 정의선.. 전기차 생산·수소생태계 '시동',None,Unknown
"전기차 시대, 2~5년 빨라진다.. 반도체·원자재 수급 불안이 관건",None,Unknown
페달 밟는 전기차..택시시장 공략 나선다,None,Unknown
전기차 시장 박터진다..내년 '아이오닉6·EQE' 세단 총출동,"전기차 시장, 아이오닉6, EQE, 세단, 총출동  ",
'대륙의 만물상' 샤오미..가성비 전기차 만든다,"대륙의 만물상, 샤오미, 가성비, 전기차",
"[하이빔]전기차 화재 대응, 선견지명 있는 소방청","전기차, 화재, 대응, 선견지명, 소방청",
전기차 시대..충전 인프라 부족 현상 '여전',"전기차, 충전 인프라, 부족, 현상  ",
"[단독]아이오닉5, '글로벌 전기차 격전지' 노르웨이서 통했다",None,Unknown
"메르세데스의 두 번째 도전.. 벤츠코리아, 소형 SUV 전기차 'EQA' 첫선",None,Unknown
"'전기차 얼리어댑터들', 배터리 교체 어떻게 하리오?","전기차, 얼리어댑터, 배터리 교체  ",
"제네시스, 서울모빌리티쇼서 전기차만 전시한다","제네시스, 서울모빌리티쇼, 전기차 전시",
"""타이어가 똑같네""..포르쉐 아우디 테슬라 폭스바겐, 모두 전기차엔 '한국'","타이어, 포르쉐, 아우디, 테슬라, 폭스바겐, 전기차, 한국",
전기차·자율주행차..미래 모빌리티 大戰,None,Unknown
"GM, 전기차 업체 변신 선언..""2035년 휘발유車 생산 완전 중단""(종합)",None,Unknown
BMW 순수 전기차 'iX xDrive40' 시승기 [원성열 기자의 CAR & TRACK],"BMW, 순수 전기차, iX xDrive40, 시승기  ",
[ET] '세계 최대' 중국 전기차 시장 각축,"세계 최대, 중국, 전기차, 시장, 각축",
"2022 호랑이해, 전기차들이 호랑이처럼 달려온다","호랑이, 전기차, 달려온다  ",
아파트 전기차 충전기 설치의무 상향..신축 5%·구축 2%,None,Unknown
"미 전기차 리비안 돌풍..시총, 포드·GM 뛰어넘어","미 전기차, 리비안, 돌풍, 시총, 포드, GM",
"""SK이노-포드, 전기차 배터리셀 조인트벤처 양해각서 체결 예정""(종합)",None,Unknown
전기차 보조금 컷 5500만원..테슬라 5499만원으로 내릴까,"보조금, 컷, 내릴까",
"LG엔솔-SK이노, 美서 전기차 배터리 집중..세계 배터리 전쟁 격화","LG엔솔, SK이노, 전기차 배터리, 집중, 배터리 전쟁, 격화",
"""리비안과 전기차 협력 그만""..포드의 자신감?",None,Unknown
전기차 '나비효과'[광화문],"전기차, 나비효과, 광화문  ",
"국표원, 전기차 무선충전기 안전기준 마련 선제적 추진","전기차, 무선충전기, 안전기준, 선제적 추진",
對美·中 전기차 무역적자 갈수록 심화,None,Unknown
'제네시스' 2025년부터 전기차로만 나온다..파격 승부수,"제네시스, 2025년, 전기차, 파격, 승부수",
"엔진으로 주행거리 늘린 전기차 재등장..""또 다른 선택지될듯""",None,Unknown
베일 벗은 현대차 '아이오닉 5'..전기차 왕좌 다툼 불붙었다,None,Unknown
한국서 전기차 올해 3분기까지 7만1천대 팔렸다..세계 7위,"전기차, 3분기, 판매량, 세계 7위",
화웨이 '美제재 타격' 스마트폰 매장서 전기차 판매 시작,"화웨이, 미국 제재, 스마트폰 매장, 전기차, 판매 시작  ",
"사전계약 기록 갱신 경차 '캐스퍼', 글로벌 전기차 경쟁 나서나",None,Unknown
속도내는 현대차그룹 전기차 전략..2025년 100만대 판다,"현대차그룹, 전기차, 전략, 2025년, 100만대",
'SUV 전기차' 몰려온다.. 가격·성능 경쟁으로 승부수,"SUV, 전기차, 가격, 성능, 경쟁",
"현대차, 인도서 2028년까지 전기차 6종 출시..6천억원 투자","현대차, 인도, 전기차, 출시, 투자",
"전기차 혁명 부를까..""주유시간에 배터리 충전"" 신기술 공개",None,Unknown
급성장세 전기차 '500만대 시대' 열리나..변수는 반도체,"급성장세, 전기차, 500만대 시대, 변수, 반도체",
"테슬라 독과점 끝났다.. 전기차 시장, 점유율 싸움 격화",None,Unknown
車 가격 상승 지속..전기차 대중화 지연 우려,"차 가격 상승, 전기차 대중화, 지연, 우려",
"애플, BMW 전기차 개발 이끈 전 부사장 영입..애플카 포석인 듯","애플, BMW, 전기차 개발, 전 부사장 영입, 애플카 포석",
샤오미 베이징에 전기차 공장..연 30만대 생산 목표,None,Unknown
"충전소·주행거리 늘어나는 '전기차' 사볼까..""꼼꼼히 따져라""",None,Unknown
美 신생차 '올해의 차' 석권.. '전기차 대격전' 스타트,"신생차, 올해의 차, 전기차, 대격전",
"대전환의 시대..서울모빌리티쇼, 전기차 격전장 됐다",None,Unknown
속도 붙는 '전기차 전면 전환'..세계가 움직인다,"속도, 전기차, 전면 전환, 세계",
하반기 '전기차 대전' 대비하는 지자체.. 보조금 추가공고,"전기차, 대전, 대비, 지자체, 보조금, 추가공고",
중고차업체 직원이 추천하는 전기차는..아이오닉일렉트릭·모델3,"중고차업체, 추천, 전기차, 아이오닉일렉트릭, 모델3  ",
보조금 안 받아도 자신만만..억대 수퍼 전기차 몰려온다,None,Unknown
"BMW, 매년 전기차 판매 50%씩 늘린다..2030년에는 과반","BMW, 전기차, 판매 증가, 2030년, 과반",
전기차 대안은 '수소차'..BMW·아우디·다임러 뛰어들었다,"전기차, 대안, 수소차, BMW, 아우디, 다임러",
SBS부터 JTBC까지 '사기 전기차' 홍보..언론은 공범인가? 주범인가?,None,Unknown
"제네시스, 2025년 이후 순수 전기차만 만든다","제네시스, 2025년, 순수 전기차",
모빌리티 '대전환의 시대'..서울모빌리티쇼 '전기차 세계대전',"대전환, 시대, 서울모빌리티쇼, 전기차, 세계대전",
"GM ""멕시코서 2023년부터 전기차 생산..10억달러 투자""","GM, 멕시코, 전기차 생산, 10억달러 투자  ",
날개단 전기차株 주가 고공행진 [이주의 상한가],"전기차, 주가, 고공행진, 상한가  ",
"'1조 매출' NVH ""전기차 열, 우리가 잡는다""","1조 매출, 전기차, 열, 잡는다",
하이브리드·전기차 인기에..국내 친환경차 '100만대 시대' 눈앞,"하이브리드, 전기차, 인기, 친환경차, 100만대",
"샤오미, 전기차 진출..바이두·알리바바와 어떻게 다르나","샤오미, 전기차 진출, 바이두, 알리바바, 다르다",
"""전기차 선두 테슬라 잡아라""..배터리 기업들 납품 경쟁",None,Unknown
유럽선 테슬라 추월.. 2000만원대 '전기차' 납시오,"유럽, 테슬라, 2000만원대, 전기차",
"[fn사설] 글로벌 전기차 진검승부, 출발신호 울렸다","글로벌, 전기차, 진검승부, 출발신호  ",
[전기차 보조금 대란]① 세금으로 테슬라만 배불려.. 구매자 줄 세우는 반쪽 지원책,None,Unknown
루시드 전기차 예약 1만7천대 넘어..美전문지 '올해의 차' 선정,None,Unknown
"전기차 '화이트리스트' 1순위, 르노 조에(ZOE)",None,Unknown
중국이 전기차 보조금 화끈하게 지원하는 이유 [더 머니이스트-Dr.J's China Insight],"중국, 전기차, 보조금, 지원",
"GM, 테슬라 잡고 ""전기차 1위 될것""..2030년까지 매출 두배 목표","GM, 테슬라, 전기차 1위, 2030년, 매출 두배",
전기차 열풍에도 하이브리드가 실속 챙겼다..과도기 시장 장악,None,Unknown
1088마력 괴물 전기차 만든 '유럽의 머스크',"1088마력, 괴물, 전기차, 유럽, 머스크  ",
"전기차 위한 중요한 전략, '콘센트형 충전기'",None,Unknown
<오후여담>전기차 '반값 배터리' 경쟁,"전기차, 반값, 배터리, 경쟁  ",
"전기차 시대..충전소 먹통에도 ""주말은 쉰다""",None,Unknown
전기차 완속충전기 14시간 이상 점유시 과태료 10만원,"전기차, 완속충전기, 점유, 과태료",
전기차 시대..디자인 혁명 막 올랐다,"전기차, 시대, 디자인, 혁명",
"폭스콘, 전기차사업 질주..""멕시코·인도·유럽 공략""","폭스콘, 전기차사업, 질주, 멕시코, 인도, 유럽, 공략  ",
반도체에 발목잡힌 아이오닉 5..모델Y 국내 전기차 왕좌 굳힐까(종합),None,Unknown
유럽 전기차 판매 6배 늘었다,"유럽, 전기차, 판매, 6배",
럭셔리전기차 벤츠·재활용차 BMW·로보택시 VW,None,Unknown
[이슈분석] 하반기 전기차 대전 펼쳐진다..테슬라 아성 넘어설까?,None,Unknown
"보조금 줄고 충전료 올랐다..전기차, 하반기 시동 꺼질 위기","보조금 줄고, 충전료 올랐다, 전기차, 하반기, 시동 꺼질 위기",
"전기차 충전기 10만기 넘겼지만.. ""차가 더 빨리 늘어 여전히 부족""",None,Unknown
"[하이빔]전기차 개념, 충전일까 동력일까","전기차, 개념, 충전, 동력",
벤츠·아우디 등 '고가 전기차' 보조금 사라진다,"고가 전기차, 보조금, 사라진다  ",
"[단독] 서울·부산·경기, 전기차 보조금 추가 지급","전기차, 보조금, 추가 지급, 서울, 부산, 경기",
"전기차 연상 ""볼츠바겐으로""..'만우절 장난' 소동","볼츠바겐, 만우절 장난, 소동",
세계 4위 스텔란티스 전기차에 '올인'..5년간 41조원 투자(종합),None,Unknown
앞으로 내연기관차 안 만든다는데..전기차 살까요?,"내연기관차, 전기차  ",
점점 커지는 전기차 시장..하반기 고급차 잇따라 출시,"전기차, 시장, 하반기, 고급차, 출시",
"""전기차 겨울 주행거리 20∼30%↓..명절 이동, 충전계획 세워야""",None,Unknown
"폭스바겐, 2030년에 신차 판매 절반은 전기차로(종합)","폭스바겐, 2030, 신차 판매, 절반, 전기차",
뜨거워진 전기차 시장.. 전통 강자 참전에 지각변동 예고,"뜨거워진, 전기차 시장, 전통 강자, 참전, 지각변동, 예고  ",
"신생 전기차 업체 피스커, 2023년 폭스콘과 미국서 생산",None,Unknown
"""글로벌 車시장 뒤집겠다"".. 중국 전기차, 해외로 진격","글로벌, 車시장, 뒤집겠다, 중국, 전기차, 해외, 진격",
"전기차도 '집밥시대'.. 콘센트, 충전 해결사로 떴다","전기차, 집밥시대, 콘센트, 충전, 해결사",
"[車블랙박스]내년, 전기차가 쏟아진다..출시 앞둔 신차는?","전기차, 출시, 신차",
"한국 GM ""전기차, 한국선 생산 안한다""",None,Unknown
"르노 조에, 작년 유럽 전기차 판매 1위..첫 연간 10만대 돌파",None,Unknown
관리 주체 제각각..전기차 충전기 방치 불렀다,"관리 주체, 전기차, 충전기, 방치",
"글로벌 전기차시장서 한국 존재감↑..""공급망 관리 관건""","글로벌 전기차시장, 한국, 존재감, 공급망 관리  ",
[특파원 시선] 中 한 쇼핑몰에 전기차 매장만 3곳..판이 바뀌었다,"전기차, 쇼핑몰, 매장, 판이 바뀌었다",
테슬라의 무서운 독주..새해 '전기차 진검승부' 펼쳐진다,None,Unknown
소형 트럭도 '전기차 시대'..포터·봉고 전기차 누적 3만대 돌파,"소형 트럭, 전기차 시대, 포터, 봉고, 전기차, 누적 3만대 돌파",
"[인터뷰] 제프 매너링 아우디 사장 ""전기차 보조금 줄어도 가격 안 낮춰""","전기차, 보조금, 가격",
전기차 앞에 '순수' 붙는 이유,"전기차, 순수",
"제네시스, 여름 이후 '전기차' 출시..고급차시장 공략 가속화","제네시스, 전기차, 여름, 출시, 고급차시장, 공략, 가속화",
진화하는 전기차..장거리 넘어 고성능 넘본다,"진화, 장거리, 고성능",
"테슬라 타고 고향가다 '낭패'..""전기차 주의하세요""","테슬라, 고향, 낭패, 전기차, 주의",
희비 엇갈린 전기차 대장주.. 리비안 '폭등',"희비, 엇갈린, 전기차, 대장주, 리비안, 폭등  ",
내년 화끈한 '전기차 전쟁'..신모델 입맛대로 고른다,None,Unknown
"한전, 전기차 충전소 검색·예약·결제 '원스톱 서비스'","한전, 전기차, 충전소, 검색, 예약, 결제, 원스톱 서비스",
"좀 늦었지만..전기차에 20조 쓰는 日닛산 ""전고체 배터리 만든다""",None,Unknown
"머스크, 폭스바겐 임원회의 깜짝 등장..""전기차 통달할 것"" 덕담",None,Unknown
"제네시스·벤츠·BMW·포르셰, 전기차·SUV 앞세워 연말 판매 총력전","제네시스, 벤츠, BMW, 포르셰, 전기차, SUV, 판매, 총력전",
[인터뷰] '한라산에 BMW 전기차 무더기 방치' 취재해 보니,None,Unknown
'3만달러 전기차' 시대 올까..테슬라 이어 폭스바겐도 만든다,None,Unknown
전기차 국내 판매 누적 20만대 돌파,"전기차, 국내 판매, 누적, 20만대, 돌파",
전기차 시대..'3000만원 테슬라''800km 주행' 언제 오나,None,Unknown
"중국 바이두 전기차 진출 공식 선언..""변혁자 되겠다""","""중국"", ""바이두"", ""전기차"", ""진출"", ""공식 선언"", ""변혁자""  ",
[투자노트] 전기차 회사로 탈바꿈하겠다는 도요타의 계획,"전기차, 도요타, 계획, 탈바꿈",
"명신, 패러데이퓨처 전기차 연간 25만대 만든다","명신, 패러데이퓨처, 전기차, 연간, 25만대  ",
디폴트 위기에도 '전기차는 살린다'..헝다차 1조원대 증자,"디폴트 위기, 전기차, 살린다, 헝다차, 증자",
"[단독] 테슬라·도요타, 반값 전기차 만드나.. 제휴 임박",None,Unknown
車 전통 강호들 속속 참전.. 불붙는 '전기차 2R',None,Unknown
[ET단상]실효성 있는 전기차 정책 필요하다,None,Unknown
"주차장이 바뀐다..IT업계, 전기차 충전 사업 본격화","주차장, IT업계, 전기차, 충전 사업, 본격화",
"""배송도 친환경이 대세""..유통가, '전기차' 도입 박차","배송, 친환경, 대세, 유통가, 전기차, 도입, 박차  ",
전기차도 'SUV'로 대세 전환,"전기차, SUV, 대세 전환",
"전기차 시대 대비한다..정유업계, 전기 충전 인프라 확대 '집중'","전기차, 정유업계, 전기 충전 인프라, 확대, 집중",
"""전기차 표준, 우리가 선점하자""..산학연 머리 맞댄다",None,Unknown
"""전기차 생산비용, 2027년께 화석연료차보다 낮아져"" BNEF","전기차, 생산비용, 화석연료차, 낮아져",
"현대차, 내년 아이오닉6 출시..2025년 전기차 56만대 판매 목표","현대차, 아이오닉6, 출시, 전기차, 판매 목표",
"쌍용자동차, 전기차로 회생하나?","쌍용자동차, 전기차, 회생  ",
내년 전기차 보조금 대폭 삭감..지급 기준가도 낮아져,None,Unknown
불나면 소방관들 애먹이는 전기차..'수조'로 첫 진화실험,"불, 소방관, 애먹이다, 전기차, 진화실험",
"일자리 2만개 사라진다, 전기차 쾌속 성장의 그늘",None,Unknown
"""차는 이미 출고됐는데.."" 벤츠 전기차 구매자들 뿔났다",None,Unknown
수입차도 수퍼카도 '전기차 태풍',None,Unknown
소음 줄이고 더 강하게.. '전기차 전용 타이어' 속속 출시,None,Unknown
"[하이빔]전기차, 배터리 빌리는 시대",None,Unknown
"쏘카, 전기차 서비스 5년..지구 800바퀴 달렸다","쏘카, 전기차 서비스, 5년, 지구 800바퀴  ",
"[뉴스업]""전기차 주식 오르는 동안 사라지는 일자리 어마어마""","전기차, 주식, 사라지는, 일자리, 어마어마",
"[단독] ""전기차 싸게 살 기회 남았다""..수소차 보조금 활용 검토","전기차, 싸게, 기회, 수소차, 보조금, 활용, 검토",
"전기차 충전구, 각기 다른 이유는?","전기차, 충전구, 이유",
"폭스바겐·GM ""전기차 충전소 4만대 짓겠다""..막오른 충전소 경쟁","폭스바겐, GM, 전기차, 충전소, 경쟁   ",
몸값 뛰는 배터리 핵심 원자재..전기차 흥행 '걸림돌',None,Unknown
"[시승기] 제네시스 G80 전기차 '멀리 가거나', '미친 듯 달리거나'",None,Unknown
보조금 안받는 '억'대 수입 전기차 출격 준비,None,Unknown
"'美제재 타격' 화웨이, 전기차 이어 화장품 시장 진출","美제재, 화웨이, 전기차, 화장품, 진출",
"매각설 나온 헝다차 ""내년초부터 전기차 출하""","매각설, 헝다차, 전기차, 출하",
전기차 사업 뛰어든 유통업체들 .. 왜?,"전기차, 사업, 유통업체",
"미, 전기차 배터리 조달처로 캐나다 눈독..""중국 견제""","전기차, 배터리, 조달처, 캐나다, 중국, 견제",
"""애플, 이르면 2025년 완전 자율주행 전기차 내놓을 듯""","애플, 2025년, 완전 자율주행, 전기차",
현대車 컬래버 '사과 로고' 전기차 나온다면?,"현대차, 컬래버, 사과 로고, 전기차",
한국서 테슬라 판매 19% 감소하는 사이 벤츠 전기차 10배 팔렸다,"테슬라, 판매 감소, 벤츠 전기차, 10배 판매",
[카&테크] '주행 중'에도 전기차 충전한다,None,Unknown
"쏘카, 전기차 이용자 '급속' 충전 선호..38분간 충전","쏘카, 전기차, 이용자, 급속 충전, 선호, 38분",
글로벌 신형 전기차 한자리에..서울모빌리티쇼 막 올랐다,"글로벌, 신형, 전기차, 서울모빌리티쇼",
얼굴로 문 열고 지문으로 시동.. 제네시스 전기차 GV60 첫 공개,"얼굴로 문 열기, 지문, 시동, 제네시스, 전기차, GV60, 첫 공개",
"""테슬라, 2023년까지 운전대 없는 전기차 출시""",None,Unknown
"아이오닉5 > 테슬라, 국내 전기차 왕좌 되찾은 현대차","아이오닉5, 테슬라, 국내 전기차, 왕좌, 되찾은, 현대차  ",
해외공장 닫고 본토로.. 전기차 '자급자족 전쟁',"해외공장, 본토, 전기차, 자급자족, 전쟁",
전기차 늘린다는 서울시.. 정작 보조금 혜택은 줄었다,"전기차, 서울시, 보조금, 혜택, 줄었다",
中 '전기차 맏형' 제친 샤오펑..주가 쾌속질주,"전기차, 샤오펑, 주가, 쾌속질주",
"홍남기 ""전기차 전문정비소 2025년까지 3300개 확충""(종합)",None,Unknown
전기차 '보조금 방전' 우려..지자체 '추경'에 달렸다,"보조금, 방전, 우려, 지자체, 추경",
"머스크 ""이상하지 않아?""..테슬라 빠진 백악관 전기차 행사","머스크, 테슬라, 백악관, 전기차, 행사",
친환경 바람 타고 내년에도 신형 전기차 '쌩쌩',None,Unknown
"車업계 노사, 온실가스 감축목표 상향에 ""전기차 보급속도 조절해야""",None,Unknown
"전기차 시대, 충전소 확보 시급","전기차, 충전소, 확보, 시급",
'전기차의 매력' 이야기하다가 밤새겠네,None,Unknown
"""충성고객 잡을 기회""..20만 전기차 충전 시장 공략하는 카드사",None,Unknown
"""테슬라 투자 놓쳤다면..전기차 올인하는 GM株 잡아라"" [자이앤트월드]","테슬라, 투자, 전기차, GM주",
"전기차 볼트, 배터리 리콜만 세번째..왜?","전기차 볼트, 배터리, 리콜, 세번째",
"미 전기차 스타트업 리비안, IPO로 기업가치 600억달러 기대","리비안, IPO, 기업가치, 기대",
"폭스콘, 美 전기차 공장 인수 ""아이폰 다음은..""",None,Unknown
[사설]전기차 전장기업 키워야,"전기차, 전장기업, 키워야",
전기차로만 바꾼다고 탈탄소 가능할까 [COP26],"전기차, 탈탄소, COP26",
"모빌리티 기업 변신한 GM ""전기차 1위 되겠다""",None,Unknown
"미니 전기차, 유럽·中서 돌풍..韓서는 미풍","미니 전기차, 유럽, 중국, 돌풍, 한국, 미풍",
"""일자리·전기차 배터리, 다 지켰다""..한국보다 기쁜 미국",None,Unknown
"""우리 전기차만 보조금"".. 문 걸어잠그는 美·中","보조금, 전기차, 문 걸어잠그는",
"[ET시선]제주, 전기차 보급 비전이 흔들린다","제주, 전기차, 보급, 비전, 흔들린다",
벤츠 BMW 아우디..럭셔리 전기차 연내 10종 몰려온다,"벤츠, BMW, 아우디, 럭셔리, 전기차, 10종",
부산 전기차 구매보조 확대..승용차 최고 1천300만원,"부산, 전기차, 구매보조, 확대, 승용차, 1천300만원",
포르쉐도 직접 전기차 배터리 만든다,"포르쉐, 전기차, 배터리  ",
"""치고 나가야 산다"".. 하반기 전기차 신모델 출격 러시",None,Unknown
9000만원 넘는 전기차 보조금 0..브레이크 걸린 테슬라,None,Unknown
"사전예약 돌풍 캐스퍼, 2023년엔 전기차 버전 탄생?","사전예약, 돌풍, 캐스퍼, 전기차 버전, 탄생",
쪼그라드는 '알리바바 제국'..전기차 샤오펑 경영권 내려놔,None,Unknown
"""아이오닉 5 잡아라""..하반기 전기차 신모델 쏟아진다",None,Unknown
"GV60 전기차 보조금, 내년 1000→450만원..지금 사도 될까? [Q&A]",None,Unknown
"샤오미, 中 베이징에 '연간 30만대' 전기차 생산공장 세운다","샤오미, 중국, 베이징, 전기차, 생산공장, 연간 30만대",
'전기차 대전' 변수는 배터리값·충전 인프라,None,Unknown
확 바뀐 전기차 보조금..'테슬라 천하' 깨질까,"전기차, 보조금, 테슬라 천하  ",
"샤오미 ""전기차 자회사 설립..10년간 11조원 투자""","샤오미, 전기차, 자회사 설립, 투자  ",
SK이노-포드·LG엔솔-GM 전기차 동맹..한·미 배터리 합종연횡 본격화(종합),None,Unknown
전기차 대중화 시대 빨라질까..신차·가격인하 경쟁 불붙었다,"대중화, 신차, 가격인하, 경쟁",
[단독] 한국 '전기차 충전소' 심벌 글로벌 표준 됐다,"전기차, 충전소, 심벌, 글로벌, 표준  ",
"벤츠, 2030년 완전 전기차 전환..'억' 소리 나는 내부",None,Unknown
"볼보·지리 전기차 '폴스타', 한국 상륙..2024년까지 매년 신차 출시",None,Unknown
"'법인차=전기차' 시대..224社, 무공해車 전환 동참",None,Unknown
전기차 보조금 못 받는 테슬라..가격 낮출까,"전기차, 보조금, 테슬라, 가격 낮출까",
"""밀리면 끝장""..현대차·폭스바겐·BMW '전기차 대전'",None,Unknown
"""놀라운 기술, 달리면서 스스로 충전""..제네시스 첫 전기차","놀라운 기술, 스스로 충전, 제네시스, 전기차  ",
"슈퍼카처럼 질주하는 전기차.. ""실물 보니 가슴 두근""",None,Unknown
[현장 카메라]충전소는 수리 중..갈 길 먼 전기차,None,Unknown
"현대차·기아, 유럽 전기차시장 질주..스웨덴·독일 판매 1·2위","현대차, 기아, 유럽, 전기차시장, 질주, 스웨덴, 독일, 판매 1위, 2위  ",
친환경차 기준 현실화..초소형전기차 신설·주행거리 상향,"친환경차, 기준, 현실화, 초소형전기차, 신설, 주행거리, 상향",
격전지된 美전기차 시장 줄잇는 투자,None,Unknown
美 전기차 충전망 사업 커지지만..수익성은 '글쎄',"전기차, 충전망, 수익성",
"미국, 2030년 신차 절반 전기차로..내연차 연료효율 개선도 속도",None,Unknown
전기차 2030년까지 785만대로 늘린다,None,Unknown
더 가볍고 튼튼하게..전기차 혈관 '전선' 경쟁 달아올라,None,Unknown
"확대되는 인도 전기차 시장..코트라 ""협력기회 찾아라""","인도 전기차 시장, 확대, 협력기회",
[모빌리티 리포트]⑤전기차·자율주행에 몰리는 '뭉칫돈',None,Unknown
"폭스콘, 전기차 '폭스트론' 내달 정식 공개","폭스콘, 전기차, 폭스트론, 정식 공개",
'전기차 시대' 생존 공포..미·일 부품업계 폭풍전야,None,Unknown
'우주선 소리' 들어보세요..포르쉐 타이칸 닮은 기아 전기차 EV6,None,Unknown
'오리무중' 코나 전기차 화재 원인..속 타는 오너,None,Unknown
전기차에 담은 내연기관 '기술력'..아우디 'RS 이트론 GT',"전기차, 내연기관, 기술력, 아우디, RS 이트론 GT",
[조재환의 카테크] E-GMP 없어도 V2L 되는 'G80 전기차',None,Unknown
베일 벗은 BMW 플래그십 순수전기차 'iX' [원성열 기자의 CAR & TRACK],"BMW, 플래그십, 순수전기차, iX",
"전기차가 남긴 폐배터리, '전기 저수지'가 되다","전기차, 폐배터리, 전기 저수지",
"전기차 보조금 깍는다..""6000만→5500만원 하향 협의""",None,Unknown
제주도 전기차 충전시간 절반으로 줄어든다,"제주도, 전기차, 충전시간, 절반, 줄어든다",
"전기차 리비안 거침없는 질주, 더블인가 버블인가",None,Unknown
"[하이빔]현대기아, 전기차 어디서 만들까",None,Unknown
"아이오닉5·EV6, 전기차 보조금 못 받나",None,Unknown
"동물가죽 벗고 재활용 입는다, '비건 카' 되는 전기차","동물가죽, 재활용, 비건 카, 전기차  ",
"'머스크 패싱' 바이든 ""2030년 신차 절반 전기차로 팔아라""",None,Unknown
"샤오미, 전기차 회사 '샤오미치처' 설립","샤오미, 전기차, 설립",
"""G80 인기 잇겠다""..제네시스 첫 전기차 'eG80', 가격은?",None,Unknown
LG엔솔-스텔란티스 '전기차 배터리 동맹'.. 美 공략 가속페달,None,Unknown
전기차 충전기 보급률 日·유럽보다 높은데.. 왜 부족해 보일까,"전기차 충전기, 보급률, 일본, 유럽, 부족",
"[르포] 현대 전기차 올라탄 인니 대통령 ""가격이 얼마?..기술 훌륭""","현대 전기차, 인니 대통령, 가격, 기술, 훌륭  ",
성능으로 내연기관차 앞지른 전기차.. '세컨카' 꼬리표 뗀다,"성능, 내연기관차, 전기차, 세컨카, 꼬리표  ",
<글로벌 이코노미>보조금·신차 효과.. EU '글로벌 전기차 빅마켓' 부상,None,Unknown
600V 견디는 전선 불티..전기차 올라탄 후방 산업 뜨겁다,None,Unknown
내비게이션도 전기차 전용?..어떤 기능 있길래[주밀車담],None,Unknown
"'삼성 도전' 샤오미, 전기차 사업 뛰어들어..1조8천억 첫 투자","삼성, 샤오미, 전기차, 투자, 도전",
"상반기 고전한 한국지엠, 전기차 형제 타고 '반전' 노린다","고전, 한국지엠, 전기차, 형제, 반전  ",
[집중취재M] 산업 생태계 바꾸는 전기차..'고용' 절반 사라진다,"전기차, 산업 생태계, 고용, 사라진다",
"포드, 전기차·자율주행차에 32조원 투자..""전기차에 올인""",None,Unknown
"GM, 2035년 전기차 회사로 바뀐다","GM, 2035년, 전기차, 회사",
"전기차 인기에 바닥 드러낸 보조금..""추가 예산 확보""",None,Unknown
"'전기차 = 탈탄소' 공식, 반은 맞고 반은 틀리다","전기차, 탈탄소, 맞고 틀리다",
전기차 넘어 다양한 미래 이동수단 소개,"전기차, 미래 이동수단",
"7월 전기차 4파전..""보조금 받아라"" 선착순 전쟁",None,Unknown
전기차 배터리 '구독경제' 대중화까지는 '산 넘어 산',"전기차, 배터리, 구독경제, 대중화, 산 넘어 산",
"'취임 100일' 바이든, 전기차에 힘 실었다","취임 100일, 바이든, 전기차, 힘 실었다  ",
"아이오닉5, 전기차 대중화 이끄는 마중물 될까?","아이오닉5, 전기차, 대중화, 마중물",
가을비 잦은데 전기차 충전 감전사고 괜찮을까[E슬타법],None,Unknown
"캐나다 전기차업체 라이언, 시카고 근교에 미국 첫 공장 건설","캐나다 전기차업체, 라이언, 시카고 근교, 미국 첫 공장, 건설",
리비안 말고 '태양광 전기차'..소노모터스 첫날 155% 폭등,None,Unknown
전기차 출시 잇따르는데..보조금 부족,"전기차, 출시, 보조금, 부족  ",
재사용? 재활용? 전기차 폐배터리 '리사이클링의 세계',"재사용, 재활용, 전기차, 폐배터리, 리사이클링",
"""전기차 소유주 18%, 내연기관 자동차로 되돌아가""","전기차, 소유주, 내연기관 자동차, 되돌아가",
아이오닉 5보다 잘 팔린 1000만원대 전기차,"아이오닉 5, 잘 팔린, 1000만원대, 전기차  ",
"中 따돌린 유럽 전기차 시장, 배터리 격전지 된다","유럽, 전기차 시장, 배터리, 격전지",
"대창모터스 ""전기차 年 1만 대 공장 착공""",None,Unknown
"스텔란티스, 테슬라에 선전포고..5년간 전기차에 41조 투자","스텔란티스, 테슬라, 선전포고, 전기차, 41조 투자",
"中, 전기차 시장의 각축장..승자는?","전기차, 시장, 각축장, 승자  ",
"배달 이륜차와 택배차, '전기차'로 바뀐다",None,Unknown
"9000만원 이상 고가 전기차, 보조금 못 받는다","고가 전기차, 보조금",
전기차 '움직이는 사무공간' 손색없어..방전 노트북 충전도,None,Unknown
[이슈 In] 전기차는 윤리적 소비?..당신이 몰랐던 코발트의 진실,"전기차, 윤리적 소비, 코발트, 진실  ",
"[단독]기아, 광명서 'EV7' 생산..전기차 생산기지로 전환",None,Unknown
"""중국 초저가 전기차 '훙광 미니' 열풍..세계 시장 노릴 수도""","중국, 초저가, 전기차, 훙광 미니, 열풍, 세계 시장, 노릴 수 있음",
신차 10종 출격..하반기 전기차 시장 더 뜨겁다,None,Unknown
美 전기차 시장 두고 '한·중·일' 패권 쟁탈전 가열,"전기차, 한·중·일, 패권, 쟁탈전  ",
中증시 부진 속 대세 주인공은 '전기차',"중증시, 부진, 대세, 주인공, 전기차",
담배 냄새나는 전기차 충전소..해결 방법 없나,"담배 냄새, 전기차, 충전소, 해결 방법",
'전기차 신화' 테슬라 추락세..독주체제 역습 가속화,None,Unknown
"""럭셔리하지 않은 전기차는 가라!"" 테슬라 지망생 '루시드'","럭셔리, 전기차, 테슬라, 지망생, 루시드",
[ET] '보조금 지정학'이 K전기차·배터리 숨통 죄어온다,None,Unknown
"전기차 보조금 컷 5500만원으로 하향..업계, 눈치작전","전기차, 보조금, 하향, 업계, 눈치작전",
[단독] 전기차 급속충전 요금 15~21% 올린다,"전기차, 급속충전, 요금, 인상",
[뉴스줌인]'전기차 대기 7만대' 엎친 데 '보조금 인하' 덮친 격,"전기차, 대기, 보조금, 인하",
'1억 넘는 비싼 전기차 누가사?' 했지만..매달 수백대씩 팔렸다,None,Unknown
전기차 타이어는 다르다..업체들 개발·공급 경쟁,None,Unknown
"UBS ""시총 4000억달러 증발했지만 전기차 랠리 안 끝났다""",None,Unknown
현대 첫 제네시스 전기차 美 공개..반응은?,"현대, 제네시스, 전기차, 미국, 공개, 반응",
"""보조금 없지만 멋짐 폭발""..'억대 전기차 형님'들이 온다",None,Unknown
"[심층취재] 전기차 수백억 지원하고도, 몇 대 굴러다니는지 '깜깜'",None,Unknown
작지만 주행감각 뛰어난 전기차 '푸조 e-208' [시승기],"작지만, 주행감각, 뛰어난, 전기차, 푸조 e-208, 시승기",
"벤츠 마저..""2030년부터 100% '전기차' 전환"" 54조 쏟는다",None,Unknown
"車업계 노사 ""전기차 전환 속도 조절해야..부품업계 와해 우려""","전기차, 전환, 속도 조절, 부품업계, 와해, 우려",
지금 자동차 시장은 전기차 혁명으로 직진중..LA오토쇼의 풍경,"자동차 시장, 전기차 혁명, LA오토쇼",
"서울시, 배달 오토바이·택배 화물차 전기차로 바꾼다","서울시, 배달 오토바이, 택배, 화물차, 전기차",
"""충남도 내 전기차 충전소 설치·유지보수 거북이 걸음""","충전소, 설치, 유지보수, 거북이 걸음",
유럽 이어 미국도..전기차 전환 압박 거세진다,"전기차, 전환, 압박, 미국, 유럽  ",
"볼보, 10년내 1000km 달리는 전기차 출시",None,Unknown
너도나도 장밋빛..전기차 배터리 거품 우려,"장밋빛, 거품, 우려  ",
미워도 이만한 전기차 없다..테슬라 위기설 과장이었나,None,Unknown
"[최원석의 디코드+] 중국 전기차 판매, 월 30만대 첫 돌파","중국 전기차 판매, 월 30만대, 첫 돌파",
"""미 전기차 수용도, 바이든 행정명령에도 EU 등에 뒤질 것""",None,Unknown
"폭스바겐 CEO ""애플과 전기차 경쟁? 두렵지 않아""","폭스바겐, CEO, 애플, 전기차, 경쟁, 두렵지 않아  ",
전기차 불나는데 배터리 리콜 1년 걸려..국토부 뒷짐,None,Unknown
"폭스콘, 전기차 3종 공개..""애플카 참여 가능성 더 높아져""",None,Unknown
'중국 전력난' 전기차 시장에도 악영향..수요 감소,None,Unknown
전기차 또 '보조금 절벽'.. 지자체 절반이 올해치 동났다,"보조금 절벽, 지자체 동난",
"외국인, 국내주식 팔아도 전기차 밸류체인 1.2조 순매수","외국인, 국내주식, 전기차, 밸류체인, 순매수",
"""전기차 보조금 동났다""..내년은 더 축소",None,Unknown
디자인-성능-경제성 삼박자.. '생애 첫 전기차' 딱이네,"디자인, 성능, 경제성, 생애 첫 전기차",
내연기관과의 결별..전기차 전환 가속화 [터치 핫이슈],"내연기관, 결별, 전기차, 전환, 가속화  ",
아이오닉5 돌풍 뛰어넘을까..기아 첫 전기차 EV6 모습 드러냈다,"아이오닉5, 돌풍, 기아, 전기차, EV6, 모습  ",
"정의선 ""2040년 수소대중화 원년""..상용차 수소·전기차만 출시(종합)",None,Unknown
'철강 기업' 포스코가 수소·전기차에 빠졌다는데..,None,Unknown
"""전기차 사야하나 말아야 하나 고민이네""..내년부터 보조금 줄고 충전료 오른다",None,Unknown
"""전기차 사려 했는데 보조금 못 받나요?""..내년에 바뀌는 車 정책들","전기차, 보조금, 정책",
"韓 전기차 내수 판매량 전세계 7위..""위상 높아졌다""","전기차, 내수 판매량, 세계 7위, 위상 높아졌다",
전기차? 내연기관차? 고민하다가..'하이브리드차' 선택 늘었다,"하이브리드차, 전기차, 내연기관차, 선택",
"""연봉 2배 줄게""..中 '샤오미 전기차'발 인력 대이동 나올라","""연봉 2배 줄게"", ""샤오미"", ""인력 대이동""",
"""테슬라S·벤츠EQS 잡아라""..제네시스 전기차 호평 쏟아진다","테슬라, 벤츠, 제네시스, 전기차, 호평  ",
신차 출고지연에 중고 전기차도 몸값 '고공행진',None,Unknown
"美, 전기차 세제지원 추진 재확인..USTR ""전기차로 전환 지원""",None,Unknown
"""내구성 높고 조용해야"" 타이어 빅3, 까다로운 '전기차 타이어' 수주 박차","내구성, 조용, 타이어, 전기차, 수주, 박차",
전기차 시대 GM 2조 리콜에 담긴 함의는[우보세],None,Unknown
'억' 소리나는 제네시스 전기차..벤츠·포르쉐와 겨룬다,"제네시스, 전기차, 벤츠, 포르쉐  ",
"전기차 확산에 전력 불안..""공동주택 정전 우려""",None,Unknown
'그랜저'도 밀어낸 '국민트럭'..전기차 인기타고 날았다,None,Unknown
현대차그룹 내년 신차 모델 '전기차>내연기관차',None,Unknown
"[2021 기록K]⑧ 한라산 목장지대로 간 수입 전기차, 그 후","한라산, 수입 전기차, 기록  ",
현대차·기아 친환경차 누적 판매 200만대 돌파..전기차 비중↑,None,Unknown
아이오닉 5-모델 Y 출격..'전기차 왕좌' 주인공은,"아이오닉 5, 모델 Y, 전기차, 왕좌, 주인공",
"토요타 ""2030년까지 전기차 30종 출시..배터리 21조 투자""",None,Unknown
"UBS ""폴크스바겐 전기차 판매, 수년 내 테슬라 추월""",None,Unknown
"테슬라, 미 전기차 시장서도 점유율 하락","테슬라, 전기차, 점유율, 하락  ",
"다들 전기차 만든다는데.. 도요타 ""하이브리드차 위주로 판매""",None,Unknown
쌍용차 흡수하는 에디슨모터스..'전기차 명가' 만들까,"쌍용차, 에디슨모터스, 전기차, 명가  ",
"제네시스, 2030년부터 수소·배터리 전기차만 판매한다",None,Unknown
국내외에서 잇따르는 전기차 화재..소비자들 '불안불안',None,Unknown
"기아, 전기차 픽업 충전 서비스 '이온' 시범 운영(종합)","기아, 전기차, 픽업, 충전 서비스, 시범 운영",
9000만원 넘는 전기차엔 국가-지자체 보조금 없어진다,"보조금, 전기차, 9000만원",
"이음새 확 줄인 제네시스 전기차 ""기대보다 별로""-""실물이 나아""","""기대"", ""별로"", ""실물"", ""나아""  ",
"중고 전기차, 사고 이력·배터리 수명만 확인하면 끝?","중고 전기차, 사고 이력, 배터리 수명",
[하이빔]전기차도 두 개의 심장 시대 올까,None,Unknown
'LFP 배터리'로 쏠리는 전기차 시장.. 성장성엔 물음표,None,Unknown
‘매출 0원’ 美전기차 리비안 시총 3위… “버블 우려”,"매출 0원, 리비안, 시총 3위, 버블 우려",
완성차에 배터리까지..위상 높아진 한국 전기차,"배터리, 위상, 높아진, 한국 전기차",
"잇단 전기차 화재, 원인 명확치 않아 더 불안",None,Unknown
유럽 이어 美도..전기차 전환 압박 거세진다(종합),None,Unknown
폭스바겐 전기차 '각형' 배터리 늘린다는데..왜? [궁금타],None,Unknown
미국서 가장 사랑받는 픽업트럭..전기차 총력전,None,Unknown
[조재환의 카테크] 아이오닉 5 열풍..전기차 보조금 문제 없을까,"아이오닉 5, 열풍, 전기차, 보조금  ",
[자동차칼럼]전기차 정비기술인력 양성해야,"전기차, 정비기술인력, 양성",
"""제네시스 2025년부터 신차는 모두 전기차로""","제네시스, 2025년, 신차, 전기차",
"""3000만원짜리 전기차 내놓겠다""는 테슬라, 알고보니 비결이..",None,Unknown
"애플 이어 샤오미도..""스마트 전기차 생산""",None,Unknown
"정부 ""전기차 보조금, 국비 전액·지방비 70% 확보""..추경 검토","정부, 전기차, 보조금, 국비, 지방비, 확보, 추경",
"""전기차 시대 오면 일자리 2만개 증발""..'변화' 준비해야",None,Unknown
[CES 결산] ③ 전기차 가속하며 미래차 방향 보여 준 자동차 업체들,None,Unknown
경적으로 방귀 뀌는 테슬라..전기차 '소리' 시장 열릴까,None,Unknown
"[줌인] 전기차의 명암..""내연기관 엔진 관련 일자리 붕괴 가속""",None,Unknown
"벤츠 EQA, 내연기관보다 싸다..전기차 시장 분수령","벤츠 EQA, 내연기관, 싸다, 전기차 시장, 분수령  ",
전기차 격전지 된 스타필드 하남,"전기차, 격전지, 스타필드 하남",
"쌍용차 품을 에디슨모터스 비전은..""전기차 시너지 노린다""",None,Unknown
"LG 심장 단 순수 전기차, 어느덧 100만대..""앞으론 속도전""","LG, 순수 전기차, 100만대, 속도전",
필요 인력 ⅓..전기차 잘 팔릴수록 불안한 노조,None,Unknown
"""벤츠니까 용서""..짧은 주행거리에도 전기차 EQA 샀다","벤츠, 용서, 짧은 주행거리, 전기차 EQA",
"도요타, 전기차에 2030년까지 41조원 투자..연간 350만대 판매",None,Unknown
"아이오닉 웃고, 테슬라 울고..보조금 개편에 전기차 '지각변동'","아이오닉, 테슬라, 보조금, 개편, 전기차, 지각변동",
"3000만원대로 팍 깎았습니다, 전기차 군침 도시나요","깎았습니다, 군침",
"""왜 전기차만 혜택?"" 보조금·부제 면제 '갈등'?","전기차, 혜택, 보조금, 부제 면제, 갈등  ",
"전기차 충전소 '신재생 실험'..""태양광서 전력 뽑아 곧장 충전""","전기차, 충전소, 신재생, 태양광, 전력, 충전",
"이미 승용차 5대 중 1대..中, 스스로 커지는 '전기차' 인기","승용차, 1대, 전기차, 인기  ",
현대차·기아 전동화 '속도'..내년부터 전기차 쏟아진다,"현대차, 기아, 전동화, 전기차, 속도, 쏟아진다",
"신규 이사자의 설움 ""전기차 보조금 받을 수 없대요""","신규 이사자, 설움, 전기차, 보조금, 받을 수 없다",
"세계 1위 日 도요타, 전기차 전환 '속도'.. 도요다 사장 ""83兆 투입""",None,Unknown
"애플까지 온다니..""전기차 플랫폼 공유"" 혼다·GM의 생존전략","애플, 전기차 플랫폼, 공유, 혼다, GM, 생존전략",
다 쓴 배터리로 전기차 가격 잡는다고?,"배터리, 전기차, 가격",
"벤츠, 2030년까지 100% '전기차 기업'으로 전환(종합)",None,Unknown
"환경부 ""서울·부산 일반대상 전기차 보조금 잔여 대수 약 70%""",None,Unknown
"中, 이번엔 ""전기차회사 너무 많다""..합병 줄이을 듯","전기차회사, 너무 많다, 합병  ",
'친환경' 전기차에서 나오는 '반환경' 폐배터리 어쩌나?,"친환경, 반환경, 폐배터리",
테슬라 잡은 500만원 中전기차..120km만 달리는데 왜,None,Unknown
전기차에 고성능 모델까지..하반기 신차 쏟아진다,None,Unknown
'유일한 흑자' 삼성SDI 배터리 성장 이끄는 전기차 업체 어디?,None,Unknown
"온통 전기차 얘기지만, 더 많이 팔리는 건 하이브리드차","전기차, 하이브리드차, 많이 팔리다",
충전하면서 차 마시고 쇼핑.. 전기차가 바꾸는 문화,"충전, 차, 마시고, 쇼핑, 전기차, 바꾸는, 문화",
폴스타 국내 상륙..뜨거워지는 전기차 시장,"폴스타, 국내 상륙, 뜨거워지는, 전기차 시장",
"푸조·크라이슬러도 전기차 출사표..""2025년까지 40조원 투자""","푸조, 크라이슬러, 전기차, 출사표, 투자, 2025년, 40조원",
"""전기차 시장, 테슬라·폭스바겐 양강구도로 재편된다""","전기차, 시장, 테슬라, 폭스바겐, 양강구도, 재편  ",
"전기차 보조금, 1000만원→0원..테슬라 가격 내릴까",None,Unknown
"샤오미, 2024년부터 전기차 만든다","샤오미, 2024년, 전기차",
테슬라 전기차 구매 보조금 삭감..통상 분쟁 생길까,None,Unknown
기아 차세대 전기차 EV6..아이오닉 5와 '쌍끌이 흥행' 이끈다,None,Unknown
"""中 전기차 시장 잡아라""..주도권 두고 車업계 '불꽃 경쟁'","전기차, 시장, 주도권, 경쟁",
"제네시스 첫 전용 전기차 GV60 디자인 선보여..""역동성 강조""","제네시스, 전용 전기차, GV60, 디자인, 역동성",
"""중국, 전기차는 소형 탄다?""..테슬라도 '소형 해치백' 개발중",None,Unknown
"'매출 0원' 전기차 업체 리비안, 시총 3위 자동차 기업 올라","매출 0원, 전기차, 리비안, 시총 3위, 자동차 기업",
"내연기관차 살까, 전기차 살까..볼보-테슬라 비교해봤어요","내연기관차, 전기차, 볼보, 테슬라, 비교",
전기차 大戰 '충전 ON',"전기차, 大戰, 충전 ON  ",
"[차이나 모빌리티] ""현금 많다""..전기차 뛰어든 샤오미, 자율주행 회사도 인수","""현금 많다"", ""전기차"", ""샤오미"", ""자율주행 회사"", ""인수""  ",
내년에 44만대 전기차 달릴 수 있을까,"전기차, 44만대, 내년",
"[車블랙박스]전기차 배터리, 중국발 LFP배터리 뜬다","전기차, 배터리, 중국, LFP배터리",
"광주시, 내년 전기차 3800여대 보조금 지원","광주시, 전기차, 보조금, 지원",
"[fn사설] 말로만 전기차 시대, 충전 인프라는 태부족","전기차, 충전 인프라, 태부족  ",
"""보조금 받으면 4000만원대라고?""..'가성비' 전기차 벤츠 EQA 보니","보조금, 4000만원대, 가성비, 전기차, 벤츠 EQA",
전기차 전환 앞두고.. 전 세계 곳곳에서 車회사 노사 분쟁,"전기차 전환, 자동차 회사, 노사 분쟁",
"벤츠, 전기차에 올인..""2030년 완전 전동화""","벤츠, 전기차, 올인, 2030년, 완전 전동화",
"정부 '전기차 확대' 속도전에 곳곳서 ""우려""","전기차, 확대, 속도전, 우려  ",
[車블랙박스]2021년 'K-전기차'가 달린다,"K-전기차, 달린다",
"전기차 일찍 잡았던 버핏의 기다림, '7조' 대박으로","전기차, 버핏, 기다림, 대박  ",
"'전기차 베테랑' 끌어모으는 애플, 테슬라 이어 BMW 출신 영입","전기차, 베테랑, 애플, 테슬라, BMW, 출신, 영입",
전기차 충전기 2만개 쑥..정유사 변신 가속,None,Unknown
"내연기관의 시초가 만든 전기차 'EQC'.. ""이질감 없지만 가격 걸림돌"" [시승기]","내연기관, 전기차, EQC, 이질감, 가격, 걸림돌, 시승기",
[카 라이프] 테슬라·폭스바겐·포르쉐·아우디도..전기차 타이어 '키너지 EV'에 반했네,"테슬라, 폭스바겐, 포르쉐, 아우디, 전기차, 타이어, 키너지 EV  ",
"中 전기차업체들, '메타버스' 향해 달린다","전기차업체, 메타버스",
"이제는 라이벌..포드, 리비안과 전기차 공동개발 철회","라이벌, 포드, 리비안, 전기차, 공동개발, 철회  ",
"가속페달 밟는 전기차.. 벤츠 ""2030년까지 모든 차종 바꾸겠다""","가속페달, 전기차, 벤츠, 2030년, 모든 차종",
"""미국차 포드가 퍼스트""..바이든의 전기차 대망",None,Unknown
가속페달 밟는 전기차 전환에 국내 정비업계 '한숨',None,Unknown
전기차 보조금 줄어든다..테슬라는? 제네시스는?,None,Unknown
"전기차 전쟁의 승패, 충전 인프라에 물어봐","전기차 전쟁, 승패, 충전 인프라",
"기아, 전기차 보급·모빌리티 서비스 확대에 박차",None,Unknown
"현대차, 미국 현지서 전기차 생산한다..8.4조원 중장기 투자키로","현대차, 미국, 전기차, 생산, 중장기 투자",
"""韓 전기차 보조금 높지만..지급 방식 등 탄력 운영 필요""","전기차, 보조금, 탄력 운영",
"애플, 전기차 생산 日업체 등에도 타진..""최소 6곳""",None,Unknown
[기자수첩] 전기차 '퍼스트 무버' 도약의 기회,None,Unknown
출고 적체에 구매 보조금 삭감까지..속 타는 전기차 구매자들,None,Unknown
벌써 바닥 보이는 보조금..싱겁게 끝나는 전기차 대전,"보조금, 바닥, 싱겁게, 전기차 대전  ",
"벤츠, ""54조 투자해 배터리 생산, 2030년부터는 전기차만""","벤츠, 투자, 배터리 생산, 전기차",
국산 순수 전기차 잇단 공개 '도전장'..무한경쟁 돌입,None,Unknown
폭스바겐 미 전기차 브랜드는 '볼츠웨이건',"폭스바겐, 미 전기차 브랜드, 볼츠웨이건",
전기차 가격 반값되나..'배터리 대여 동맹' 떴다,"전기차, 가격, 반값, 배터리, 대여, 동맹",
[시승기]기아 첫 전용전기차 'EV6'..성능·디자인 모두 잡았다,"기아, 전용전기차, EV6, 성능, 디자인",
"제네시스, 2025년부터 전기차만 출시한다..""럭셔리 시장 선점""","제네시스, 전기차, 2025년, 럭셔리 시장, 선점  ",
전기차 시대 가속화..車업계 '전기차 생태계' 확대 박차,"전기차 시대, 가속화, 생태계, 확대, 박차",
'보조금 가장 많은데'..코나 전기차 잇단 화재 해결 방법 없나,None,Unknown
[기자수첩]소비자·제조사 괴롭히는 '이상한 전기차 보조금',"소비자, 제조사, 괴롭히는, 이상한, 전기차 보조금",
서울모빌리티쇼 개막..글로벌 전기차·모빌리티 신기술 한자리에(종합),None,Unknown
"""급속도 너무 느려""..'초고속 충전' 탑재한 전기차 쏟아진다",None,Unknown
"[ET] 잡스가 돌아왔나? ""애플, 4년 뒤 운전대 없는 전기차 출시""","잡스, 애플, 운전대 없는, 전기차, 출시  ",
"웅장한 외관, 넓은 실내공간.. BMW, 'ix'로 전기차 시장 공략","웅장한, 넓은, 공략",
테슬라 게섯거라!..루시드·리비안 새 전기차 상반기 출격,"테슬라, 루시드, 리비안, 전기차, 상반기, 출격",
'비싼 테슬라' 대신 살 만한 전기차 주식은?,None,Unknown
"""중국 '배터리 교환형 전기차 사업', 개도국 시장 선점 가능성""",None,Unknown
전기차 충전소 부족한데 요금은 오르고..차주들 어쩌나,"전기차, 충전소, 부족, 요금, 차주",
"BMW, 벤츠 '600대'까지 추격..하반기 '전기차'로 자존심 싸움",None,Unknown
中헝다가 죽쑤는데..스웨덴 전기차는 왜 직원 절반 잘랐나,"""죽쑤는데"", ""왜"", ""직원 절반 잘랐다""",
"""총성 울린 전기차 전쟁""..르·쌍·쉐 '참전'할까",None,Unknown
"내년 전기차 보조금 축소에 GV60, EQA 수백만원 비싸진다",None,Unknown
"[단독]롯데·신세계그룹, 전기차 충전사업 직접 한다","롯데, 신세계그룹, 전기차, 충전사업",
중국 자동차 시장 3년 연속 역성장..전기차만 '질주',"중국 자동차 시장, 역성장, 전기차, 질주",
"'아이오닉 5' 경쟁자 떴다..기아, 첫 전용 전기차 EV6 티저 공개",None,Unknown
현대차 美 현지 전기차 생산 '기류 변화'..이유는?,None,Unknown
배터리 가격 떨어진다..내연차보다 싼 전기차 시대 성큼,None,Unknown
"'애플카' 브레이크 걸린 기아 ""전기차 드라이브 걸겠다""",None,Unknown
"한라산 중산간에 수입 전기차 무더기 방치, 왜?","한라산, 중산간, 수입 전기차, 방치",
"전기차는 씽씽 달리는데..""3만5000명 일자리 감소 불가피""",None,Unknown
전기차·반도체·ESG..쏟아지는 '테마 ETF' 뭘 고를까?,"전기차, 반도체, ESG, 테마 ETF",
"한번 충전해 837km..루시드 전기차, 테슬라 추월 시동",None,Unknown
"[단독]""기아, 텔루라이드급 전기차 2년뒤 국내 선보일 것""",None,Unknown
"제네시스, 고급 전기차 시장 평정","제네시스, 고급, 전기차, 시장, 평정  ",
"정의선 현대차 회장 ""인도네시아 전기차 생태계 조성에 적극 참여""","정의선, 현대차, 인도네시아, 전기차, 생태계, 조성, 참여  ",
"GM, 전기차 업체 변신 선언..""2035년 휘발유車 생산 완전 중단""","GM, 전기차, 2035년, 휘발유차, 생산 중단",
'제로백 4초'에 현대차 전기차 중 가장 예쁘다..GV60 타보니[차알못시승기],"제로백, 현대차, 전기차, 예쁘다, GV60  ",
물류업계 '탄소중립 배송' 시동 걸자.. 상용차도 전기차 경쟁 가속,"탄소중립, 배송, 상용차, 전기차, 경쟁  ",
자동차 앞 철망이 사라졌다..전기차 격전지 된 모터쇼,None,Unknown
"반도체·배터리 수난, 국내 전기차 대중화 발목잡나","반도체, 배터리, 수난, 국내, 전기차, 대중화, 발목잡나",
"""12개국 전기차 밸류체인 담긴 ETF 눈여겨보세요""",None,Unknown
전기차도 가격파괴 시동..'2000만원 e카 시대' 온다,None,Unknown
"""벤츠니까요""..전기차 EQA, 306km 주행거리에도 테슬라 판매량 앞질러","벤츠, 전기차 EQA, 306km, 주행거리, 테슬라, 판매량",
[세계를 가다]'고속질주' 中 전기차..'충전대란'에 멈칫,None,Unknown
전기차 효율성·승차감 결정하는 '회생제동'에 공들이는 車업계,"전기차, 효율성, 승차감, 회생제동, 자동차업계  ",
"포르쉐 타이칸 '우주선 소리' 대박치자, 벤츠·기아 전기차도 '위잉~'",None,Unknown
"재택 늘고, 전기차 충전구역 의무화.. 아파트 '주차 아우성'",None,Unknown
"배터리 시장에 뛰어드는 車 업계, 전기차 시대 '배터리 대전'",None,Unknown
"정의선, 오늘 조코위 인도네시아 대통령 만난다..전기차 협력 논의","정의선, 조코위, 인도네시아, 전기차, 협력, 논의  ",
신축 아닌 아파트도 전기차 충전기 일정 비율 설치해야,"신축, 아파트, 전기차, 충전기, 설치, 일정 비율",
"사업전망 불투명한 美전기차 업계, 개미 덕에 주가 방어",None,Unknown
"전기차, 쾌속질주 속에 드리운 그늘 [키워드로 보는 2021 산업 ③]","전기차, 쾌속질주, 그늘, 산업",
"韓 소비자, 전기차 구매시 '주행거리·전비' 가장 많이 따진다","소비자, 전기차, 주행거리, 전비",
"'완판' 아이오닉 5, '비주류 전기차'에 터닝포인트 만든다","완판, 아이오닉 5, 비주류 전기차, 터닝포인트",
세계 전기차 수요 2030년에 17배..전기차 배터리 국내 3사 역량 집중(종합),"전기차, 수요, 2030, 배터리, 역량, 집중  ",
"[단독] 전기차 보조금 수입차가 싹쓸이.. 정부, 결국 메스 댄다",None,Unknown
"SK, 전기차 인프라·기술 투자 가속화..""친환경 모빌리티 시장 선점""",None,Unknown
바이든 “中이 전기차 분야서 이기도록 놔두지 않겠다”,None,Unknown
하반기 '전기차' 춘추전국시대..아이오닉5·EV6·모델Y 각축,"전기차, 춘추전국시대, 아이오닉5, EV6, 모델Y, 각축",
토요타도 4조 들여 美 배터리공장 짓는다..전기차 '생존경쟁' 시대,"토요타, 4조, 미국, 배터리공장, 전기차, 생존경쟁",
기아 첫 전용 전기차 이름은 'EV6'..윤곽 공개,"기아, 첫 전용 전기차, EV6, 윤곽 공개",
"'마력-주행거리 자랑은 끝' 전기차 시대, 대세는 인터페이스","마력, 주행거리, 전기차, 대세, 인터페이스",
"'100% 전기차 전환' 꿈꾸는 제주, 목표 달성 '빨간불'",None,Unknown
"전기차 무선 충전, '주파수'방식이 대세인 이유","전기차, 무선 충전, 주파수, 대세",
베일 벗은 제네시스 첫 전용 전기차 GV60..5천990만원부터,None,Unknown
'전기차의 나라'로 바뀌는 중국,"전기차, 나라, 중국  ",
중국산 배터리 잇단 화재.. 전기차 안전성 우려 급부상,"중국산 배터리, 화재, 전기차, 안전성, 우려",
"日, 전기차 점유율 1%인데..""충전소 수백개 교체 시기""","전기차, 점유율, 충전소, 교체  ",
"조용하던 전기차, 침묵을 깨다","조용하던, 전기차, 침묵, 깨다",
전기차에만 '올인'..빨라지는 내연기관 종말 시계,None,Unknown
"[재택플러스] 아빠차, 전기차로 변신?..복고 열풍",None,Unknown
[경제쏙] 전기차 시장 확대 원년? 관건은 '충전',None,Unknown
"벤츠·BMW·아우디·포르쉐, 억대 '초고가 전기차' 시장서 자존심 대결","벤츠, BMW, 아우디, 포르쉐, 초고가 전기차, 자존심 대결",
전기차 보험료 깎아줬더니 남는 게 없다는 보험사..왜?,"전기차, 보험료, 깎아줬더니, 남는 게 없다는, 보험사, 왜",
"""안전하다지만, 가급적 물은 피해야""..전기차 '침수' 주의","안전하다, 물, 피해야, 침수, 주의",
'주유소의 변신'..신재생·전기차 충전 거점 만들기 '속도전',None,Unknown
[시승기] 전기차 집안싸움 시작된다..기아 첫 전용 전기차 EV6,"시승기, 전기차, 집안싸움, 기아, 전용 전기차, EV6",
"내년에도 전기차 쏟아진다, 당신의 선택은?","전기차, 선택",
"""테슬라 잡아라""..볼보 DNA 입힌 전기차 '폴스타' 출격","테슬라, 볼보, DNA, 전기차, 폴스타, 출격",
"한·미 '전기차 동맹'..픽업트럭, K-심장 달다",None,Unknown
"""4년 뒤 GM이 테슬라 제친다..전기차 시장 선점 효과 사라져""",None,Unknown
'전기차' 앞세운 배터리업계..산업간 경계 허물었다,"전기차, 배터리업계, 산업간 경계, 허물었다",
"벤츠, 2030년까지 전 차종 전기차로 바꾼다..54조 투자",None,Unknown
연이은 전기차 화재에 '파우치 배터리 대세론' 흔들리나,"전기차, 화재, 파우치 배터리, 대세론  ",
중국 전기차 열풍..제네시스 전기차 첫 공개,"중국, 전기차, 열풍, 제네시스, 첫 공개",
"미국車 빅3, 신차 절반 전기차로 채운다","미국차, 빅3, 신차, 절반, 전기차",
"""고가 전기차 보조금 제한""..테슬라 '모델3'도 몸값 낮출까",None,Unknown
"도요타 전기차 16종 공개..아키오 ""2030년 전기차 350만대 목표""",None,Unknown
"""미국인들은 전기차 아닌 테슬라를 산다..앞으론 점유율 하락""","미국인들, 전기차, 테슬라, 점유율, 하락",
작곡가에 피아노 업체까지.. 전기차 가상 엔진음 시장 후끈,"작곡가, 피아노 업체, 전기차, 가상 엔진음, 시장, 후끈  ",
"""완성차부터 배터리·부품까지..글로벌 위상 높아진 韓 전기차""",None,Unknown
"BMW, ""2030년까지 전기차가 총판매의 절반 차지할 것""","BMW, 2030년, 전기차, 총판매, 절반  ",
배터리 가격 상승 조짐..中 전기차 업계 긴장,None,Unknown
"폭스콘 ""내년 전기버스, 내후년 전기차 양산""","폭스콘, 전기버스, 전기차, 양산  ",
Q&A로 알아본 전기차 구매 가이드 [원성열 기자의 CAR & TRACK],"전기차, 구매 가이드, CAR & TRACK",
벤츠 전기차 사려다 돈 날릴 판..구매 대기자들 '날벼락',None,Unknown
내연기관차보다 안전하다더니..전기차도 '급발진 논란',None,Unknown
전기차 충전기 설치 시급한데..규제에 발목잡힌 주유소,None,Unknown
"제네시스 전기차 GV60, 실물 직접 살펴보니[최종근의 車스토리]","제네시스, 전기차, GV60, 실물, 직접 살펴보니",
딱 하나에 막혔다..전기차 초고속 충전 못하는 이유,None,Unknown
"'글로벌 1위' 도요타, 순수 전기차 출시 임박..""하이브리드 효시 명성 잇는다""",None,Unknown
전기차용 윤활유 시장 커진다..2025년까지 6배↑,None,Unknown
"""주행거리 1,000km""..전기차 경쟁 본격화",None,Unknown
"LG엔솔-롯데렌탈, 전기차 특화 서비스 협력 나선다(종합)","LG엔솔, 롯데렌탈, 전기차, 특화 서비스, 협력  ",
"전기차 올해 계약, 내년 출고 땐 줄어든 보조금을 적용받나요?","계약, 출고, 줄어든, 보조금  ",
"美 BoA ""2025년 전기차 배터리 부족 사태 전망""",None,Unknown
"GM, 북미 전기차 인프라 대폭 확장..충전기 4만개 설치한다","GM, 전기차 인프라, 확장, 충전기, 4만개",
혁신의 제네시스.. 2030년부터 수소·전기차만 판매한다,"혁신, 제네시스, 수소, 전기차, 판매",
"[올댓차이나] '유동성 위기' 헝다, 샤오미에 전기차 부문 매각 협상","유동성 위기, 헝다, 샤오미, 전기차 부문, 매각 협상  ",
"""전기차, 내연기관차보다 최대 4.1배 비싸..가격경쟁력 높여야""",None,Unknown
"""美·中 전기차 무역적자 심화..보조금에 상호주의 도입해야""","무역적자, 보조금, 상호주의, 심화",
837km 가는 전기차 나왔다..도로위 달리자 주가 50% 급등,None,Unknown
[재택플러스] 올해는 끝났다?..전기차 잘 사는 법,"재택플러스, 올해는 끝났다, 전기차, 잘 사는 법",
"[IT돋보기] 롯데정보통신·신세계I&C, '전기차 사업' 뛰어든다","롯데정보통신, 신세계I&C, 전기차 사업",
"전국 전기차 충전기 상태 정보, 30분→5분 단위로 제공한다",None,Unknown
베일 벗은 전기차 '기아 EV6'..'타이거 노즈'도 이렇게 진화했다,None,Unknown
"""전기차 충전 인프라 확대하려면 공동주택 전력설비 개선해야""","전기차, 충전 인프라, 공동주택, 전력설비, 개선",
"[현장K] 한라산 중산간에 전기차 무더기 방치, 왜?",None,Unknown
'보조금 없는' 럭셔리 전기차 시장..G80 이어 獨3사도 가세,"보조금, 럭셔리, 전기차, 시장, G80, 독일, 3사  ",
"기아, 첫 전용 전기차 티저 이미지 공개..이름은 'EV6'",None,Unknown
[단독] 애플-현대차 다시 손잡나..새 전기차 기술 협업,"애플, 현대차, 전기차, 기술, 협업",
"""작년 테슬라의 첫 흑자, 전기차 매출 때문 아니다""",None,Unknown
"애플, 이번엔 'BMW 전기차' 원년멤버까지 영입","애플, BMW, 전기차, 원년멤버, 영입",
"""전기차로 넘어가기 전에"".. 도요타 하이브리드 인기",None,Unknown
"""전기차 사려면 이사해야 하나"" 동나는 보조금에 '좌불안석'","전기차, 이사, 보조금, 좌불안석",
[재택플러스] 내년엔 전기차 살까?..'무공해차 원년' 선포,None,Unknown
전기차 보조금 내년부터 '저온 충전 주행거리' 기준 강화,"전기차, 보조금, 저온, 충전, 주행거리, 기준, 강화",
"中에 뒤진다 '셀프 지적'한 바이든, 전기차 어떻게 키우나",None,Unknown
"포스코케미칼, GM과 배터리 양극재 합작사 설립..북미 전기차 시장 공략","포스코케미칼, GM, 배터리, 양극재, 합작사, 북미, 전기차, 시장",
"정의선, 조코위 대통령에 ""인니 전기차 생태계 조성에 적극 참여""",None,Unknown
3600만원 쉐보레 이쿼녹스 전기차 나온다,"쉐보레, 이쿼녹스, 전기차, 가격",
불날 걱정없는 전기차 'K-배터리'를 향해..,"불날 걱정, 전기차, K-배터리",
요즘 자동차 디자이너 신났다..전기차 이유있는 '성형중독[주말車담]',None,Unknown
"한국타이어, '전기차 전용 타이어' 기술력 담은 브랜드영상 공개",None,Unknown
전기차 1만대 클럽 '아이오닉 5·포터' 동시 첫 가입..테슬라는?,None,Unknown
1000마력 넘는 전기차에 도전.. '극한 경쟁' 뛰어든 車업계,"1000마력, 전기차, 도전, 극한 경쟁, 자동차 업계",
"""하반기 전기차 대거 출시되는데..서울 보조금 접수율 이미 82%""","하반기, 전기차, 대거 출시, 서울, 보조금, 접수율, 82%",
전기차 충전 민원 잇따라..기반 확충 시급,None,Unknown
"멕시코·캐나다, 美 전기차 보조금 법안에 반발","멕시코, 캐나다, 전기차, 보조금, 반발",
"[단독] 정부, 전기차 전용플랫폼 직접 개발 나섰다..내년 완료 목표",None,Unknown
"[레알시승기]전기차만 주력 아니다..'K 하이브리드' 파워, 기아 쏘렌토","전기차, 하이브리드, 기아 쏘렌토  ",
'아이오닉 5' 벌써 완판..'6000만원 이하' 전기차 뭘 살까,"아이오닉 5, 완판, 6000만원 이하, 전기차",
[글로벌 아이] 전기차 시장 1위의 비밀,"전기차, 시장, 1위, 비밀",
전기차 유망주 '니오·포드·블링크'..테슬라 따라잡나,None,Unknown
"""전기차 2대로 충전구역 확보"" 아파트 충전전쟁 점입가경",None,Unknown
유럽을 누빈다.. 현대차·KIA '전기차 쌍끌이',"유럽, 현대차, KIA, 전기차, 쌍끌이",
전기차에 드라이브 거는 바이든..탄소중립 속도 내지만 '맨친 리스크'에 제동,None,Unknown
[하이빔]초소형 전기차기업의 하소연,None,Unknown
사업 계획만으로 주가 폭등..대세는 전기차,"사업 계획, 주가 폭등, 대세, 전기차",
"GM, 전기차 업체로 변신 선언..'탈화석연료' 전환 신호탄","GM, 전기차, 탈화석연료, 변신, 신호탄",
"600V 견디는 전선 불티, 전기차 소재·부품 산업도 후끈",None,Unknown
전기차 속 배터리 '파우치·각·원통' 승자는?,"전기차, 배터리, 파우치, 각, 원통, 승자",
"[단독]카카오, 연내 전기차 충전 서비스 진출",None,Unknown
"아이오닉5, 테슬라3 제쳤다..전기차 안전도 1등급",None,Unknown
"하반기 전기차 충전요금 인상..""이럴 거면 하이브리드車 사지""",None,Unknown
전기차도 '비건'..동물 대신 식물·재활용 소재 장착 는다,"비건, 식물, 재활용 소재, 전기차",
"충전시간이 돈이다, 전기차 '10분 전쟁'","충전시간, 돈, 전기차, 10분 전쟁",
"리비안·루시드 시총, 포드·GM 추월..전기차 파워 무섭네","리비안, 루시드, 포드, GM, 전기차, 시총, 파워",
[시승기] '아이오닉 5′보다 부드러운 주행감.. 기아의 첫 전기차 'EV6',"아이오닉 5, 부드러운 주행감, 기아, 첫 전기차, EV6",
"관심 끌던 전기차 스타트업, 찬밥 신세.. 스팩 거품 꺼지나",None,Unknown
"SK와 손잡은 포드, 2030년까지 글로벌 車판매 40%를 전기차로",None,Unknown
"포스코케미칼 등 양극재 업계, 전기차 붐에 '활짝'",None,Unknown
달리면 충전된다.. 전기차 무선충전도로 열린다,"충전, 전기차, 무선충전도로",
"""테슬라 아웃"" 전기차로 갈아타는 완성차의 대반격","테슬라 아웃, 전기차, 갈아타는, 완성차, 대반격",
"日, 전기차 보조금 美·EU 수준으로 2배↑..달아오른 EV 육성 경쟁",None,Unknown
