press,headline
아이뉴스24,"스텔란티스코리아, 소형 전기차 대전에 참전…판매량 회복할까"
JIBS,전기차 지원 확대.. 제주 보급률 최초 10% 넘나
파이낸셜뉴스,유럽 공략 나서는 소형 전기차… EV3·캐스퍼 일렉트릭 연내 진출
노컷뉴스,광주그린카진흥원 방문해 '캐스퍼 전기차' 만나 보세요
전자신문,"[ET톡] 전기차 캐즘, 돌파구는 있다"
전자신문,"대주전자재료, 파나소닉에 실리콘 음극재 공급…테슬라 전기차 탑재 임박"
주간동아,저가형 전기차로 ‘캐즘’ 돌파한다… EV3·캐스퍼 일렉트릭 흥행몰이
한국경제,전기차 부진 직격탄…양극재社 '버티기' 돌입
지디넷코리아,"인류 재앙 산불 막자…美 남부 도시, 경찰차 모두 전기차로 바꿔"
데일리안,"후방산업까지 드리운 전기차 캐즘 ‘먹구름’…에코프로, 적자전환(종합)"
매일경제,"""식량위기 해소 위해 달린다"" 현대차, WFP에 전기차 지원"
조선비즈,"지프 자리 꿰찬 BYD… 中 전기차, 韓시장 공략 시동"
지디넷코리아,"에코프로, 2분기도 실적 하락세…전기차 캐즘 여파"
세계일보,서울에 ‘초고속·로봇’ 전기차 충전 인프라 확대
머니투데이,미국 '중국 전기차 100% 관세' 2주 이상 연기…후보 교체 시기에
한국경제TV,"""전기차 수요 둔화·경쟁 심화…목표가↓"""
디지털타임스,"현대차그룹 전기차, 전 세계서 `엄지척`…비결은 `E-GMP`"
세계일보,"포스코퓨처엠, 푸른꿈 환경캠프 개최, '친환경 전기차 내 손으로 뚝딱'"
동아일보,"‘전기차 직격탄’ 삼성SDI, ESS 호황 덕에 실적은 ‘선방’"
연합뉴스,"하이투자증권 ""전기차 수요 둔화세 뚜렷…삼성SDI 목표가↓"""
연합뉴스TV,"미, 전기차 등 대중관세 인상 2주 이상 순연"
중앙일보,"“주차만 해놔요”…불편한 전기차 충전, 이제 로봇이 척척"
데일리안,"[컨콜] 에코프로비엠 ""저가 전기차도 가격경쟁력 부족으로 흥행 부진…금리 인하로 수요 반등 기대"""
지디넷코리아,"""충전소 많고 선택지 충분""…BMW, 전기차 '캐즘'에도 성장했다"
디지털타임스,[기고] 전기차 화재예방 보조금의 문제점
데일리안,"[컨콜] 에코프로비엠 ""전기차 성장 둔화에 양극재 캐파 하향 및 속도조절 검토 중"""
머니투데이,"삼성SDI, 전기차 수요 둔화로 실적 악화…3분기 부진 지속 전망-IBK"
중앙일보,"""전기차 충전소에도 나타난 로봇""…무거운 케이블 로봇이 척척"
비즈워치,"삼성SDI, '전기차 한파' 직격탄…""투자 계획 수정 없다"""
데일리안,"[컨콜] 에코프로비엠 ""전기차 시장, 하반기에도 성장 둔화 추세 지속 전망"""
MBC,"중국, EU 6월 전기차 시장점유율 역대 최대‥""관세 앞서 밀어내기"""
한국경제,소형 전기차 최대 1400만원 인하…가격 경쟁 나선 푸조
조선비즈,"전기차 캐즘 잊은 HL만도, 수익성 개선 속도"
경향신문,"전기차 ‘캐즘’ 장기화에…속 썩는 배터리, 매출·이익 ‘뚝’"
스포츠동아,"부산시설공단, 전기차 충전소 특별 안전 점검 착수"
뉴시스,설비투자지수 개편…반도체 가중치 늘리고 전기차 추가
데일리안,"KOMSA, 경남 통영항에서 여객선 내 전기차 화재 예방 훈련"
한국경제,"암참 ""TV 광고 규제 완화하고, 전기차 보조금 정책 바꿔야"""
전자신문,"현대차·기아, 프랑스 판매 10대 중 6대는 '전기·하이브리드車'"
한국경제,"""로봇이 코드 꽂아주네""…서울시, 기업과 손잡고 전기차 충전기 늘린다"
뉴시스,"BMW코리아, 전기차 캐즘에도 판매량 증가…비결은?"
뉴시스,"해양교통안전공단, 여객선 전기차 화재대응 민·관 합동훈련"
노컷뉴스,"LG전자 ""교통 약자 위한 전기차 로봇 충전 솔루션 설치"""
국민일보,"美 컨슈머리포트, 최고 전기차 BMW iX…대중차 1위 아이오닉6"
아이뉴스24,"부산관광공사, 전기차 화재 대비 대응력 강화"
머니투데이,"삼성SDI, '전기차 캐즘'에 영업익 38% ↓…""투자는 그대로"""
중앙일보,"시진핑 '일대일로 탈퇴' 이탈리아에 '유화 제스처'…""전기차 협력 확대"""
머니투데이,"""전기차·스마트폰 모두 잡겠다""…추락하던 화웨이, 무서운 질주"
디지털타임스,美 `최고 전기차`에 GV60·아이오닉6·EV9
데일리안,"두산로보틱스, 협동로봇 활용한 전기차 충전 솔루션 제공"
경향신문,"전기차 충전, 알아서 척척…서울시내 복지센터에 ‘로봇 솔루션’ 들어선다"
한국경제,"""전기차 타기 편해지려나""…LG전자, 충전인프라 확대 '시동'"
머니투데이,"전기차 잘 팔려야 K-배터리도 힘받는다…""보조금 유지해야"""
조선비즈,"현대차, 하이브리드 우선 전략으로 선회… GM·포드도 전기차 속도 조절한다"
오마이뉴스,"서울시, 민간기업과 '전기차 충전 인프라 확충' 업무협약"
노컷뉴스,전기차 캐즘 영향 고스란히…삼성SDI 2분기 영업이익 38%↓
지디넷코리아,"삼성전기, AI·전장 MLCC로 날았다…하반기도 '쾌청'"
SBS Biz,中 샤오미 전기차 잘나가네...현지 제2 공장까지 짓는다
아이뉴스24,"[컨콜 종합] '비수기' 잊은 삼성전기 ""하반기 MLCC 출하 지속 상승"""
데일리안,"'AI 수혜'로 비수기 넘은 삼성전기, 2Q 이어 하반기도 좋다(종합)"
연합뉴스,"삼성전기, 2분기 중 최대 실적…하반기도 AI가 실적 이끈다(종합2보)"
오토타임즈,"지프 어벤저, 소형 전기 SUV '히어로' 될까"
더팩트,"전기차 충전, 이제는 '양보다 질'…초고속 기기 보급"
파이낸셜뉴스,"""대세는 하이브리드차""… 현대차 이어 르노·KGM 증산 돌입"
지디넷코리아,더 짙어진 캐즘…전기차 신차 출시도 잇따라 지연
매일경제,영업익 급감에 난감해진 삼성SDI…‘전기차 캐즘’ 극복 묘수 알아보니
노컷뉴스,"'실적효자' 된 MLCC…삼성전기, 비수기에도 영업익 2081억"
뉴시스,"'산업의 쌀' MLCC, 삼성전기 ""전 응용처에서 출하 확대"""
쿠키뉴스,"횡성군, 전기차 배터리 안전성 '새 전환점' 마련한다"
한국경제,삼성전기 2분기 역대 최대 매출
정책브리핑,[사실은 이렇습니다] 국토부 “전기차 번호판 색상·디자인 지속 개선”
연합뉴스,"시진핑, 伊총리에 전기차협력·수입확대 '유화 제스처'"
지디넷코리아,파리서 팔린 현대차·기아 10대 중 6대가 친환경차
머니투데이,"""샤오미, 베이징 산업 용지 매입 완료…내년 2번째 전기차 공장 가동"""
KBS,전기차 수요 정체…2차 전지 소재 부진 장기화
경향신문,"현대차, WFP와 손잡고 친환경 모빌리티 전령사로 나선다"
아이뉴스24,"삼성SDI, 2분기 영업익 37.6% 감소…전기차 '캐즘' 영향"
문화일보,최상 승차감·극강 하차감… 전기차 ‘품격’ 으로 달린다 [자동차]
매일경제,"현대차, 유엔 WFP 식량 조달 차량으로 ‘아이오닉5’ 기증"
중앙일보,"현대차, 국제식량기구와 협약...전 세계 사무소에 아이오닉5 지원"
한국경제,전기차 판매 줄더니…삼성SDI 매출·영업익 모두 전년비 감소
한국경제,"""콧대 높던 일본 변했다""…현대차 사장 초청한 이유 알고 보니"
아이뉴스24,"현대차, WFP와 모빌리티 부문 파트너십 체결"
아이뉴스24,"[컨콜] 삼성전기 ""EV 시장 둔화라지만…전장용 MLCC 하반기 두 자릿수 성장"""
더팩트,"현대차, 유엔세계식량계획과 모빌리티 파트너십…""업무차량 친환경 전환"""
오토타임즈,"유럽 프리미엄 브랜드, 중국 전기차에 밀리나"
오토타임즈,"현대차·기아, 프랑스 친환경차 판매 비중 60% 육박"
경향신문,"현대차, 세계식량기구에 ‘친환경 모빌리티’ 지원"
조선비즈,[뉴테크] 전기차도 무선 충전…10분에 절반 채웠다
머니투데이,중국 헝다그룹 또 위기…전기차 계열사 2곳 파산 신청
데일리안,"전기차 캐즘에…삼성SDI, 2분기 영업익 38% 급감"
문화일보,"현대차, WFP와 친환경 모빌리티 등 지속가능발전 맞손"
디지털타임스,"현대차, WFP에 `아이오닉5` 업무차로 지원…EV 인프라 구축도"
동아일보,"현대차-유엔세계식량계획, 모빌리티 부문 파트너십 체결"
데일리안,"현대차·기아, 프랑스서 신차 10대 중 6대는 친환경차 팔았다"
연합뉴스,"현대차, WFP와 친환경 모빌리티 등 지속가능발전 맞손"
한국경제,전기차로 도약 기회 얻은 광주글로벌모터스…캐스퍼 일렉트릭 50개국에 수출 전망
머니투데이,"현대차, 유엔세계식량계획과 모빌리티 부문 파트너십"
지디넷코리아,"현대차, 개발도상국 식량 원조 기관에 '아이오닉5' 공급"
매일경제,일론머스크가 민주당 손절한 ‘진짜 이유’…“전기차 행사 문전박대가 출발점”
연합뉴스,"두산로보틱스, 서울시·LG전자와 전기차 충전인프라 구축 업무협약 체결"
한국경제TV,"현대차·기아, 프랑스 판매 신차 10대 중 6대가 '친환경차'"
뉴시스,"""친환경차도 금메달감""…현대차·기아 프랑스서 친환경차 '인기'"
YTN,"시진핑, 이탈리아 총리에 전기차·AI 협력 등 손짓"
조선비즈,"현대차, 유엔세계식량계획과 모빌리티 파트너십 체결"
국민일보,"현대차, 아이오닉5 WFP에 기부, 이동 차량으로 활용"
매일경제,"EU 분열 파고드는 中 … 시진핑 ""伊와 전기차·AI 협력"""
연합뉴스,"두산로보틱스·서울시·LG전자, 이용 편리한 전기차 충전인프라 구축 MOU"
한국경제,"현대차, 유엔세계식량계획과 모빌리티 부문 파트너십 체결"
연합뉴스,"두산로보틱스·서울시·LG전자, 이용 편리한 전기차 충전인프라 구축 MOU"
국민일보,"위기의 中헝다, 전기차 계열사 2곳 파산 및 법정 관리"
파이낸셜뉴스,유엔 기구가 현대차 '아이오닉 5' 사용한다고?
데일리안,"현대차, 유엔세계식량계획 전 세계 주요 사무소에 아이오닉 5 제공"
뉴시스,"""아이오닉5, 유엔사무소 누빈다""…현대차, 유엔기구 협약"
매일경제,현대차 글로벌 톱3 … 도요타와 격차 더 줄여
전자신문,"중국산 전기차, 상반기 유럽 車 점유율 '18.2%' 껑충"
한국경제,"현대차, UN세계식량기구에 '아이오닉 5' 제공…파트너십 체결"
조선비즈,글로벌 전기차 부진 속 테슬라 자리 넘보는 中 전기차 업계
더팩트,"현대차·기아, 프랑스 판매 10대 중 6대 친환경차…소형 EV 공략"
스포츠동아,"현대차·기아, 올림픽 열리고 있는 프랑스서 판매하는 신차 10대 중 6대는 친환경차"
YTN,"현대차, 유엔 세계식량기구와 모빌리티 협력 체결"
디지털타임스,"현대차·기아, 프랑스 신차 10대 중 6대 친환경차"
조선비즈,"현대차·기아, 프랑스 판매 60%는 친환경차"
조선일보,"현대차, 유엔세계식량계획과 파트너십 체결"
일간스포츠,일본서 맥 못 추는 현대차...캐스퍼 EV로 반전 노린다
한국경제,"현대차, 유엔세계식량계획에 '아이오닉 5' 제공"
경향신문,"현대차·기아, 올해 들어 프랑스에 ‘10대 중 6대’ 꼴로 친환경차 팔았다"
파이낸셜뉴스,'하이브리드 늘려야 산다'..현대차·기아 전략 수정 [FN 모빌리티]
SBS,"현대차·기아 ""프랑스에 판매 신차 10대 중 6대 친환경차"""
노컷뉴스,"""친환경이 대세""…현대차·기아, 프랑스 신차 중 10대 중 6대"
연합뉴스,"현대차·기아, 프랑스에 판매 신차 10대 중 6대는 친환경차"
쿠키뉴스,"“더 나은 내일을 향해”…현대차, 유엔세계식량계획과 파트너십"
머니투데이,시흥 프리미엄아울렛 전기차 충전소서 20대 근로자 감전사
매일경제,"현대차·기아, 프랑스 출시 신차 60%가 친환경차…캐스퍼 EV도 출격"
연합뉴스,"LG전자, 서울시와 전기차 충전인프라 구축 업무협약 체결"
뉴시스,전기차 부진에 ESS 관심…매출 비중 작아도 포트폴리오 다변화
연합뉴스,"LG전자, 서울시와 전기차 충전인프라 구축 업무협약 체결"
머니투데이,"현대차·기아, 프랑스에서 판매한 신차 중 친환경차가 60%"
파이낸셜뉴스,"이볼루션, 'Charge할 때만 차지하기'로 전기차 사용문화 개선에 앞장"
SBS Biz,"'빚더미' 中 헝다, 전기차 계열사 파산신청 접수돼...비구이위안은 법정 청산 심리 또 연기"
SBS Biz,"현대차·기아, 프랑스 판매 車 10대 중 6대 '친환경차'"
매일경제,"“기아, 전기차 부문 글로벌 최고 수준 수익성…하반기에도 승승장구”"
MBC,시흥 아울렛 매장 전기차 충전소서 작업하던 20대 노동자 감전사
경기일보,시흥 프리미엄아울렛 전기차 충전소서 수리작업하던 20대 감전사
한국경제,"현대차·기아, 프랑스 판매 신차 10대 중 6대는 '친환경차'"
SBS,시흥 프리미엄아울렛 전기차 충전소 수리하던 20대 감전사
KBS,아울렛 주차장 전기차 충전소서 수리 작업하던 20대 감전사
조선비즈,‘경영난’ 中 헝다 전기차 계열사 2곳 파산 위기
한국경제TV,'빚더미' 中 헝다 전기차 계열사 2곳 파산 신청
뉴시스,"이지트로닉스, 자율주행 스타트업과 전기차 핵심 부품 개발 계약"
데일리안,"전기차 캐즘에…삼성SDI, 2분기 영업익 38% 급감"
문화일보,"현대차, WFP와 친환경 모빌리티 등 지속가능발전 맞손"
디지털타임스,"현대차, WFP에 `아이오닉5` 업무차로 지원…EV 인프라 구축도"
동아일보,"현대차-유엔세계식량계획, 모빌리티 부문 파트너십 체결"
데일리안,"현대차·기아, 프랑스서 신차 10대 중 6대는 친환경차 팔았다"
연합뉴스,"현대차, WFP와 친환경 모빌리티 등 지속가능발전 맞손"
한국경제,전기차로 도약 기회 얻은 광주글로벌모터스…캐스퍼 일렉트릭 50개국에 수출 전망
머니투데이,"현대차, 유엔세계식량계획과 모빌리티 부문 파트너십"
지디넷코리아,"현대차, 개발도상국 식량 원조 기관에 '아이오닉5' 공급"
매일경제,일론머스크가 민주당 손절한 ‘진짜 이유’…“전기차 행사 문전박대가 출발점”
연합뉴스,"두산로보틱스, 서울시·LG전자와 전기차 충전인프라 구축 업무협약 체결"
한국경제TV,"현대차·기아, 프랑스 판매 신차 10대 중 6대가 '친환경차'"
뉴시스,"""친환경차도 금메달감""…현대차·기아 프랑스서 친환경차 '인기'"
YTN,"시진핑, 이탈리아 총리에 전기차·AI 협력 등 손짓"
조선비즈,"현대차, 유엔세계식량계획과 모빌리티 파트너십 체결"
국민일보,"현대차, 아이오닉5 WFP에 기부, 이동 차량으로 활용"
매일경제,"EU 분열 파고드는 中 … 시진핑 ""伊와 전기차·AI 협력"""
연합뉴스,"두산로보틱스·서울시·LG전자, 이용 편리한 전기차 충전인프라 구축 MOU"
한국경제,"현대차, 유엔세계식량계획과 모빌리티 부문 파트너십 체결"
연합뉴스,"두산로보틱스·서울시·LG전자, 이용 편리한 전기차 충전인프라 구축 MOU"
국민일보,"위기의 中헝다, 전기차 계열사 2곳 파산 및 법정 관리"
파이낸셜뉴스,유엔 기구가 현대차 '아이오닉 5' 사용한다고?
데일리안,"현대차, 유엔세계식량계획 전 세계 주요 사무소에 아이오닉 5 제공"
뉴시스,"""아이오닉5, 유엔사무소 누빈다""…현대차, 유엔기구 협약"
매일경제,현대차 글로벌 톱3 … 도요타와 격차 더 줄여
전자신문,"중국산 전기차, 상반기 유럽 車 점유율 '18.2%' 껑충"
한국경제,"현대차, UN세계식량기구에 '아이오닉 5' 제공…파트너십 체결"
조선비즈,글로벌 전기차 부진 속 테슬라 자리 넘보는 中 전기차 업계
더팩트,"현대차·기아, 프랑스 판매 10대 중 6대 친환경차…소형 EV 공략"
스포츠동아,"현대차·기아, 올림픽 열리고 있는 프랑스서 판매하는 신차 10대 중 6대는 친환경차"
YTN,"현대차, 유엔 세계식량기구와 모빌리티 협력 체결"
디지털타임스,"현대차·기아, 프랑스 신차 10대 중 6대 친환경차"
조선비즈,"현대차·기아, 프랑스 판매 60%는 친환경차"
조선일보,"현대차, 유엔세계식량계획과 파트너십 체결"
일간스포츠,일본서 맥 못 추는 현대차...캐스퍼 EV로 반전 노린다
한국경제,"현대차, 유엔세계식량계획에 '아이오닉 5' 제공"
경향신문,"현대차·기아, 올해 들어 프랑스에 ‘10대 중 6대’ 꼴로 친환경차 팔았다"
파이낸셜뉴스,'하이브리드 늘려야 산다'..현대차·기아 전략 수정 [FN 모빌리티]
SBS,"현대차·기아 ""프랑스에 판매 신차 10대 중 6대 친환경차"""
노컷뉴스,"""친환경이 대세""…현대차·기아, 프랑스 신차 중 10대 중 6대"
연합뉴스,"현대차·기아, 프랑스에 판매 신차 10대 중 6대는 친환경차"
쿠키뉴스,"“더 나은 내일을 향해”…현대차, 유엔세계식량계획과 파트너십"
머니투데이,시흥 프리미엄아울렛 전기차 충전소서 20대 근로자 감전사
매일경제,"현대차·기아, 프랑스 출시 신차 60%가 친환경차…캐스퍼 EV도 출격"
연합뉴스,"LG전자, 서울시와 전기차 충전인프라 구축 업무협약 체결"
뉴시스,전기차 부진에 ESS 관심…매출 비중 작아도 포트폴리오 다변화
연합뉴스,"LG전자, 서울시와 전기차 충전인프라 구축 업무협약 체결"
머니투데이,"현대차·기아, 프랑스에서 판매한 신차 중 친환경차가 60%"
파이낸셜뉴스,"이볼루션, 'Charge할 때만 차지하기'로 전기차 사용문화 개선에 앞장"
SBS Biz,"'빚더미' 中 헝다, 전기차 계열사 파산신청 접수돼...비구이위안은 법정 청산 심리 또 연기"
SBS Biz,"현대차·기아, 프랑스 판매 車 10대 중 6대 '친환경차'"
매일경제,"“기아, 전기차 부문 글로벌 최고 수준 수익성…하반기에도 승승장구”"
MBC,시흥 아울렛 매장 전기차 충전소서 작업하던 20대 노동자 감전사
경기일보,시흥 프리미엄아울렛 전기차 충전소서 수리작업하던 20대 감전사
한국경제,"현대차·기아, 프랑스 판매 신차 10대 중 6대는 '친환경차'"
SBS,시흥 프리미엄아울렛 전기차 충전소 수리하던 20대 감전사
KBS,아울렛 주차장 전기차 충전소서 수리 작업하던 20대 감전사
조선비즈,‘경영난’ 中 헝다 전기차 계열사 2곳 파산 위기
한국경제TV,'빚더미' 中 헝다 전기차 계열사 2곳 파산 신청
뉴시스,"이지트로닉스, 자율주행 스타트업과 전기차 핵심 부품 개발 계약"
노컷뉴스,"현대차, 아이오닉5 유엔세계식량계획에 기증…""더 나은 내일 향해"""
MBC,'빚더미' 중국 헝다 전기차 계열사 2곳 대상 파산신청 접수돼
한겨레,“전기차·배터리 핵심 광물 남미에…전략적 외교 필요”
뉴시스,美中 전기차 급부상에 日자동차업계 재편 가속화…'反도요타 구축'
조선비즈,"[컨콜] 삼성전기 “하반기, 전장용 MLCC 두 자릿수 성장… 수요 맞춰 증설할 것”"
KBS,전기차 수요 정체…2차전지 소재 부진 장기화
SBS,시흥 프리미엄아울렛 전기차 충전소서 수리 작업하던 20대 감전사
디지털타임스,“中은 이미 남미에 눈독…전기차·배터리 자원 협력 증진해야”
문화일보,佛서 팔리는 현대·기아차… 10대 중 6대는 ‘친환경’
연합뉴스,시흥 프리미엄아울렛 전기차 충전소서 수리작업하던 20대 감전사
국민일보,상반기 합산 139兆… 현대차 ‘싼타페·GV80’·기아 ‘전기차’ 견인
SBS Biz,中전기차 '유럽산' 둔갑...'관세폭탄' 어림없지
SBS,'빚더미' 헝다 전기차 계열사 2곳 대상 파산신청 접수돼
뉴시스,경기도 소재 아울렛 전기차 충전소 작업 중 20대 감전사
SBS Biz,"현대차·기아 ""프랑스 판매 신차 10대 중 6대는 친환경차"""
지디넷코리아,"에코프로, 결국 'CAPA 축소' 검토...""차세대 제품 개발 적극 대응"""
KBS,중국 헝다 전기차 계열사 2곳 대상 파산신청 접수돼
머니투데이,전기차 충전 인프라정책 확대…'유망주' SK시그넷 발굴
매경이코노미,트럼프 2기 정책은 ‘애니씽 벗 바이든’
연합뉴스,'빚더미' 中헝다 전기차 계열사 2곳 대상 파산신청 접수돼
매일경제,“절망뿐이네요” 에코프로 4형제 ‘휘청’…얼어붙은 2차전지株
파이낸셜뉴스,美·中 맞서 '혼다·닛산·미쓰비시' 동맹... 전기차 시대 생존전략 다시 짠 日자동차
지디넷코리아,상반기 내수 부진 깰까…하반기 출격하는 신차는
전자신문,[ET톡]후진하는 '전기 택시' 보급
머니투데이,불편하지만 적시해야 할 전기차 정책후퇴 지적한 리포트
한국경제TV,"""신사업, 진행시켜""…'AI·전장' 올라탄 삼성전기"
MBN,"[인터넷 와글와글] 서울시, 전기차 급속충전기 80% 충전 제한 도입"
YTN,전기차 충전소에서 작업하던 노동자 숨져
동아일보,"해리스, 전기차-태양광 등 투자 지속할듯… 트럼프, 석탄-석유 등 예산투입 확대 예고"
머니투데이,"현대모비스, 전기차 수요 둔화에 고정비 부담-LS증권"
비즈워치,"에코프로, '캐즘 후폭풍'에 휘청"
한국경제,"""우버, BYD와 전세계 우버플랫폼에 EV 10만대 배치"""
중앙일보,전기차 캐즘에 원자재·운임까지 상승…잘 달리던 K타이어 고심
SBS,"대기업 절반, 5년간 신사업 추가 없어…'미래형 차' 인기 사업"
한국경제,"현대차그룹, 소방관에 수소전기버스 지원하고 영상 올렸더니"
MBN,"현대자동차, 유엔세계식량계획과 모빌리티 부문 파트너십 체결"
동아일보,‘21세기 연금술사’ 거듭난 고려아연… 친환경 제련·폐기물 재생 기반 자원순환 생태계 구축
파이낸셜뉴스,"'그 잘나가던' 에코프로 '적자전환'...""양극재 캐파 축소 검토"""
매일경제,"얼티엄셀즈, 율촌화학에 1.5조 계약해지"
매일경제,눈덩이 손실 中헝다 전기차 계열사 2곳 워크아웃 신청
아이뉴스24,"전기차 경쟁력 갖추자…미쓰비시, 혼다·닛산 동맹에 합류"
뉴시스,"에코프로, 캐즘에 적자전환…""양극재 캐파 하향 검토""(종합)"
뉴시스,"수요 감소 직격탄 맞은 K-배터리…잇단 ""목표하향·투자조절"""
파이낸셜뉴스,"LS, 배·전·반 전방위 확대… ‘양손잡이 경영’ 박차"
머니투데이,"SKIET, 2분기 적자전환…""청주공장·FCW 연내 매각 추진"""
한국경제,최대 48% 관세 우회하려고 中전기차 '유럽산'으로 둔갑
지디넷코리아,"中 전기차 '니오', 삼성 OLED 장착 '니오폰 2' 발표"
파이낸셜뉴스,"'물 들어온' LS, 전력+배·전·반 ‘양손잡이 경영’ 전략 속도"
문화일보,"“전기차 80% 충전되면 끝”…서울시, 급속충전기 충전 제한 도입"
연합뉴스,"하루 만에 반등한 코스피 2,770선 회복…코스닥은 약보합(종합)"
조선비즈,"롯데, 'AI 전환·신사업 강화'로 혁신 가속화"
뉴시스,"현대차그룹, 올해도 '글로벌 톱3'…1위 향해 달린다"
연합뉴스,"투자 미루고 캐파 축소…배터리소재업계, 실적 한파에 속도 조절"
연합뉴스,"베트남 노동자 평균 임금, 상반기에만 7.4% 상승"
전자신문,"BMW 바바리안 모터스, 獨 시험인증기관 '인증 중고차 프로세스' 인증 획득"
연합뉴스,"에코프로 ""양극재 캐파 하향 검토…미래 위한 투자는 지속"""
국민일보,"“충전기를 주차장처럼”… 서울시, ‘전기차 얌체족’ 잡는다"
파이낸셜뉴스,"스마트 기술 접목 안전한 고속도로 만든다.. 도로공사, AI, 드론 등 첨단 기술 도입"
한국경제,'기업애로지원단' 띄운 부산…투자유치 '속도'
오토타임즈,"[하이빔]PHEV, 넌 대체 누구 편이냐"
전자신문,에코프로 “하반기 반등 어려워…양극재 생산 능력 하향 검토”
매경이코노미,관세 폭탄 땐 ‘트럼플레이션’ 쓰나미
한국경제TV,"에코프로 ""양극재 캐파 축소 검토…투자는 지속"""
매경이코노미,해리스 도전 받는 트럼프노믹스
한국경제,"""테슬라 덕에 겨우 지켰다""…에코프로비엠, 코스닥 1위 자리 '위태'"
KBS,“혼다·닛산 ‘전기차 동맹’에 미쓰비시자동차도 합류”
한국경제,"SKIET, ""FCW 설비 이어 청주 분리막 공장 매각"""
디지털타임스,"서울시, 전기차 급속충전율 80% 제한 도입"
프레시안,에코프로 2분기 매출 감소...‘546억원’ 영업손실
조선비즈,"요즘 전기차 업체 신통찮은데, 충전 업체는 2년만에 몸값 4배 됐다고?"
뉴시스,"기아, 중국 현지 판매 회복세…""EV5로 이익 더 늘린다"""
한국경제,"수입차 중 유일하게 부산모빌리티쇼 참가한 BMW…지역 상생, 고객 소통 돋보여"
동아일보,"BMW 바바리안 모터스, 독일 TUV SUD ‘인증 중고차 프로세스’ 획득"
한국경제,"""트럼프 보통 아니네…"" 주식창 열었다가 '화들짝' 놀란 이유"
파이낸셜뉴스,"‘캐즘 늪’ SK온, 하반기 흑자전환 기대... 배터리 탑재 전기차 美판매 증가에 희망"
뉴시스,'전기차 의무' 철폐…글로벌 車업계 벌써 '긴장'[트럼프 車 정책 어디로①]
파이낸셜뉴스,"현대車, 유엔 기구에 아이오닉 5 지원"
한경비즈니스,"에코프로, 2분기 영업손실 546억…적자 전환"
SBS,경기 구리서 전기자전거 역주행하던 80대 차에 치여 숨져
전자신문,"국제e-모빌리티엑스포, '비즈니스 네트워킹 엑스포'로 거듭난다...내년 4월 제12회 행사 개최"
머니투데이,"'캐즘' 직격탄 맞은 K-배터리, 일단 '버티기'…투자 줄이고 내실 다진다"
디지털타임스,"현대모비스, 글로벌 수주 확대로 ESG 경영 강화…""현지 시장 요구 부응"""
매일경제,"넥센타이어, 유럽 사업 호조에 사상 최대 분기 매출"
뉴시스,中 전기차 관세장벽…美 시장 포기할까 [트럼프 車 정책 어디로③]
한국경제,TSMC 다음 공격 타깃은…'트럼프의 입'에 떠는 시장
조선일보,"‘배터리 80% 차면 충전 종료’ 서울시, 전기차 급속 충전기 충전 제한 9월 도입"
연합뉴스,"전기 자전거 탄 80대 노인, 중앙선 넘으려다 차에 치여 사망"
조선비즈,"엘앤에프, LFP 배터리 국책과제 주관기업 선정"
파이낸셜뉴스,건설 끌고 리조트 밀고… 삼성물산 2분기 '실적 선방' 견인(종합)
쿠키뉴스,"에코프로, 2분기 매출액 8641억…“적자전환에도 미래투자 지속”"
파이낸셜뉴스,첨단기술로 연결된 고속도로… 도로公의 건설혁신은 진행형
매일경제,[단독] LG·도요타 日서 비공개 테크쇼 전기차·자율주행 '미래차 동맹'
데일리안,삼성물산 상사 부문 2Q 영업익 720억…전년비 36.8% 감소
연합뉴스,"태국, 해외첨단산업 자국인재 유치전…""귀국하면 소득세 절반↓"""
연합뉴스,美 테슬라-오토바이 충돌 사망사고 당시 '자율주행 모드' 작동
머니투데이,"14.8조→5.3조 '뚝'…개미 떠난 코스닥, 거래대금 연중 최저"
뉴시스,"""2분기 7638억원"" 넥센타이어, 분기 매출 사상 최대"
머니투데이,"2분기 적자 전환한 에코프로…""설비 증설 예정대로"""
MBC,"도로에서 전기 자전거 타던 80대, 차에 치여 숨져"
파이낸셜뉴스,"""여름 휴가 전 필수""...금호타이어, 제품 무상점검 서비스"
신동아,"[르포] ‘전기차 메카’ 육성 12년, 제주를 가다"
연합뉴스,자율주행버스 청계천∼세운상가 오간다…완전 자동은 '아직'
연합뉴스,"80% 충전되면 끝…서울시, 전기차 급속충전기 충전제한 도입"
비즈워치,"현대모비스, 미래 모빌리티 시장서 '글로벌 리더십' 뽐냈다"
매일경제,“돌고 돌아 순정 부품”…자동차 애프터마켓에 부는 ‘순풍’
한국경제,'기업사 새옹지마'…직격탄 맞은 양극재사 '버티기' 들어갔다
머니투데이,K-배터리 '보릿고개' 이렇게 혹독할 줄은…영업익 '10분의 1'토막
오토타임즈,"금호타이어, 주요 고속도로 휴게소서 무상점검 실시"
쿠키뉴스,신사업에 소극적인 대기업들… 절반 넘게 추가 ‘제로’
머니투데이,"엘앤에프, 'LFP 배터리 기술개발' 국책과제 주관기업 선정"
데일리안,"엘앤에프, LFP 국책과제 주관기관 선정…“저가형 배터리 시장 공략 강화”"
파이낸셜뉴스,신사업 몸사리는 대기업들… 절반 넘게 추가 '제로(0)'
지디넷코리아,"엘앤에프, 산업부 'LFP 배터리' 국책과제 주관 기업 됐다"
KBS,"서울시, 전기차 급속충전기 80% 충전 제한 도입"
전자신문,“400㎞ 떨어진 곳에서 자율주행차 제어·통제한다”이모션-KAIST 기술 실증 사업 착수
머니투데이,"""내 통장 마이너스"" 투자자 95%가 '비명'…삼성SDI 신저가"
연합뉴스,"엘앤에프, LFP 배터리 국책과제 주관기업 선정…""공급망 기여"""
한국경제,더위 먹은 7월 코스피…개미들 6.7% 손실
한국경제,"""삼성SDI도 2차전지 캐즘 못 피해""…목표가 '줄하향'"
노컷뉴스,"해양에너지 오광호 본부장 ""에너지 복지 위해 도시가스 요금 인상 필요"""
SBS,미국 테슬라-오토바이 충돌 사망사고 당시 '자율주행 모드' 작동
연합뉴스,"최상목 ""한-중남미 교역 30년간 10배…협력수준 더 높여야"""
지디넷코리아,"美, '중국산' 관세 인상 최소 2주 연기"
매일경제,"적자폭 줄인 SKIET, 중장기 공급 협상 중"
전자신문,"탑머티리얼, 평택에 LFP 양극재 공장 설립…500억원 투자"
머니투데이,"최상목 ""한-중남미 교역규모 10배 이상 증가…협력수준 더 높여야"""
SBS Biz,"[기업이슈] 환경부, 14년만에 다목적댐 건설 추진…토목주 강세"
비즈워치,"금호타이어, 2분기도 '쌩쌩'…고수익 제품 덕에 웃었다"
뉴시스,"현대차, 유럽 수출기지 체코서 두자릿수 판매량 확대"
한국경제,"앵글로 못가진 BHP, 또 다른 구리 광산업체 인수 성공"
매일경제,“여름휴가 앞두고 타이어 바꿨더니”...영업이익 72% 급증한 이 회사
노컷뉴스,"'곰표 맥주, 과자'…곰표 업은 대한제분, 신사업 추가 1등"
연합뉴스,"대기업 절반, 5년간 신사업 추가 없어…인기 사업은 미래형車"
뉴시스,"최상목 ""한-중남미 교역 30년새 10배 늘어…공급망 협력 강화"""
쿠키뉴스,금호타이어 2분기 영업익 년비 72%↑...‘향후 임단협이 과제’
SBS Biz,"[어제장 오늘장] 출렁이는 시장 속 삼성전자 실적, 온기 가능할까?"
머니투데이,"""에코프로 개미 어쩌나"" 영업익 97% 급감…그룹주 '줄하락'"
조선비즈,"[특징주] 율촌화학, 1조4000억원 계약 해지 공시에 20%대 급락"
세계일보,"현대차·기아, 印尼서 미래항공모빌리티 사업 첫발"
SBS,"'첫 방중' 멜로니 이탈리아 총리 ""무역 불균형 재조정이 목적"""
지디넷코리아,"[타보고서] ""이 차 정말 사고 싶다""…V2L로 반전 맞은 '기아 EV3'"
연합뉴스,"'첫 방중' 멜로니 伊총리 ""무역 불균형 재조정이 목적"""
MBC,"'첫 방중' 멜로니 이탈리아 총리 ""무역 불균형 재조정이 목적"""
연합뉴스TV,"서울시, 전기차 급속충전기 최대 80%로 충전제한 도입"
문화일보,에코프로 2분기 영업손실 546억 원…적자 전환
디지털타임스,"테슬라, 美서 185만대 리콜…""차량 후드 열림 문제"""
파이낸셜뉴스,"[컨콜] 에코프로 ""중장기 양극재 캐파 하향 검토 중"""
뉴시스,"KB증권 ""삼성SDI, 고객 수요 둔화·믹스 악화 반영…목표가↓"""
KBS,"[성공예감] 중국의 대외수출, 순이익이 나빠지고 있다 – 이철 박사(중국전문가)"
한국경제TV,영업이익 96.6% 감소…에코프로 그룹 줄줄이 하락
전자신문,"US산업연합, '혁신·IP 보호 권고 사항' 발표"
뉴시스,"美, '8월부터 시행 예정' 대중국 관세 최소 2주 연기"
아이뉴스24,"금호타이어, 고속도로 안전점검 캠페인 실시"
조선비즈,[특징주] 영업익 97% 급감…에코프로그룹주 약세
전자신문,"엘앤에프, LFP 배터리 개발 국책과제 주관기업 선정"
세계일보,‘33년차 소방관의 당부’ 영상 뜨거운 공감
디지털타임스,"`전기차 캐즘`에도…中 CATL 상반기 순익 4.4조원, 전년比 10%↑"
한국경제,하반기 신차 대거 출고 시작…시장 침체 딛고 질주할까
뉴시스,"현대차·기아, '美 소비자 신차 만족도' 최다 1위 차지"
연합뉴스TV,"중국, EU 무역마찰서 우군 확보하나…이탈리아에 구애"
전자신문,삼성SDI “올해 투자 계획 변동 無…스텔란티스 JV 연내 가동”
한국경제TV,"인기 사업은 미래형車..대기업 절반, 5년간 신사업 추가無"
매일경제,"“삼성SDI, 연내 실적 반등 어려워”…목표가↓"
연합뉴스,"테슬라, 美서 '후드 열림' 결함 185만대 리콜…주가 4.1%↓(종합)"
MBC,"테슬라, 미국서 '후드 열림' 결함 185만 대 리콜"
중앙일보,‘캐즘’에 배터리 실적부진 지속…삼성SDI 2분기 영업익 38% 급감
머니투데이,"에코프로 ""중장기 캐파 하향·투자속도 조절 검토 중"""
매일경제,연내 인도증시 입성 … 4조 수혈로 제2 도약
조선일보,금호타이어 2분기 영업이익 1515억원…작년 대비 72% 증가
조선비즈,"[특징주] ‘코스피 새내기’ 산일전기, 2일 연속 강세"
머니투데이,"""5년간 300억달러 더""…싱가포르 국부펀드, 미국 투자 늘린다"
머니투데이,"[단독]SK그룹, 내년 CES서도 'AI와 반도체' 힘준다"
매일경제,LS이링크·두산로보틱스 서울시와 충전인프라 확대 MOU 체결
파이낸셜뉴스,엔비디아·테슬라 동반 급락 [송경재의 새벽 증시]
매일경제,"‘포스트 중국’ 기대?...대한민국 인니 투자, 전세계 3위"
한국경제,"프리미엄 세단의 끝판왕 BMW i5 ""묵직하게 잘나가네"""
한국경제,삼성SDI '게임체인저 배터리' 양산 1년 앞당긴다
스포탈코리아,"'2년 연속 자동차 GET!' 소크라테스, 시즌 22호 2점 홈런→2024 기아 홈런존 2번째 주인공 등극"
데일리안,"도요타, 전기차배터리 공장 신설…""2028년 가동"""
매일경제,출렁이는 테슬라株 … 전망 엇갈리는 월가
스포츠한국,"[포커스!] 글로벌 프리미엄 전기차 1위 BMW ""한국에서도 성장세 이어간다"""
뉴시스,"벤처펀드 '큰 손'된 지자체, VC 지역투자 활성화되나"
뉴시스,"테슬라, 후드 문제로 美서 185만대 리콜"
경향신문,길어지는 캐즘에 배터리셀 제조사 실적도 곤두박질…삼성SDI 2분기 영업익 38% 급감
주간경향,1588호를 읽고[독자의 소리]
조선비즈,"금호타이어, 2분기 영업익 1515억원… 전년比 72% 상승"
지디넷코리아,"삼성SDI, 불황에도 투자 곳간 푼다…전고체·46파이 개발 집중"
지디넷코리아,"[유미's 픽] ""더 이상 '전산실' 아니다""…신동빈이 콕 찍은 롯데 핵심 계열사 어디?"
대구MBC,[심층] 트럼프가 미 대통령에 당선된다면···전기차 부진에 IRA 폐지까지? 대구·경북 수출 '빨간 불'
SBS,"테슬라, 미국서 '후드 열림' 결함 185만 대 리콜…주가 장중 4%↓"
데일리안,"LS E-Link-서울시, 충전인프라 확대 위한 MOU"
뉴시스,"삼성SDI, 캐즘에 실적 '숨고르기'…투자 계획 ""변동 없다""(종합)"
MHN스포츠,"'지난해 이어 올해도 자동차 홈런' 소크라테스, 올 시즌 기아 홈런존 두 번째 주인공...EV3 증정 받는다"
파이낸셜뉴스,"포스코퓨처엠, 포항·광양 어린이 대상 환경캠프 실시"
동아일보,“AI-미래차가 광주 미래 먹거리… 도시 이용 인구 3000만 시대 열 것”
머니투데이,"모건스탠리가 테슬라 픽하자 이차전지주 '반등', 증권가 전망은?"
더팩트,현대차 '소방관 영상' 3000만뷰…수소 모빌리티·소방관 지원 '동시' 홍보
중앙일보,"""소화기 하나뿐, 이러다 큰일""…지하주차장 전기차 조마조마"
파이낸셜뉴스,금호타이어 2분기 영업익 1515억원…전년비 72% 급증
매일경제,충전 인프라 확대 위해 서울시·기업 맞손
파이낸셜뉴스,'3천만명이 봤다' 현대차그룹 글로벌 히트친 이 영상은?
연합뉴스,"테슬라, 美서 '후드 열림' 결함 185만대 리콜…주가 장중 4%↓"
매경이코노미,"모건스탠리의 최애 車는 테슬라...테슬라 5.6% 급등 [오늘, 이 종목]"
데일리안,"포스코퓨처엠, 어린이 대상 ‘푸른꿈 환경캠프’ 개최…“환경보호 교육”"
경기일보,"구리서 전기자전거 역주행 80대, 방향 전환 중 차량에 치여 숨져"
디지털타임스,"[특징주] 산일전기, 상장 첫날 공모가 대비 22% 상승 중…흥행 부진"
매일경제,"‘썩어도 준치’인가...‘인증부정’ 도요타, 상반기 판매 세계1위 수성"
YTN,"[스타트경제] 머리 숙인 구영배 ""800억 가능하지만 당장은 안 돼"""
YTN,"테슬라, '후드 열림' 결함 185만 대 리콜...주가 4.1%↓"
뉴시스,"현대차그룹, 내년 SDV 시제품 내놓는다…""양산도 준비"""
전자신문,"포스코퓨처엠, 지역 어린이 대상 '푸른꿈 환경캠프' 개최"
동아일보,[박중현 칼럼]‘트럼프 집권 2기’를 보는 한국인의 독특한 시각
매일경제,한경협·배터리협 부회장·동포청장...잘 나가는 인니 대사 출신들
매일경제,“잠깐 좋다 말았네”...반짝 뛴만큼 더 추락한 ‘이 나라’ 증시
파이낸셜뉴스,"'투자 축소없다' 삼성SDI, 캐즘에도 배터리 역발상 전략"
아이뉴스24,"포스코퓨처엠, 탄소중립 주제로 '푸른꿈 환경캠프' 개최"
머니투데이,"17% '뚝' 이 주식, 반등 언제?…""당분간 힘들다"" 눈높이 낮춘 증권가"
파이낸셜뉴스,"LG전자, 서울시와 손잡고 '이것' 보급 확대한다"
지디넷코리아,"포스코퓨처엠, 포항·광양 어린이 대상 '환경캠프' 운영"
한국경제TV,"""이 정도 일 줄이야""…美 소비자 '극찬'"
중앙일보,[스티븐 도버의 마켓 나우] 미 대선서 공화당이 이길 경우 시장은
스포츠조선,"'개장 이후 두 번째' 기록인데 웃지 못했다…'21세기 최소 경기 기록 탄생&2년 연속 10승' 두산, KIA 제압 '4연패 탈출' [광주 리뷰]"
중앙일보,‘캐즘’에 엇갈린 K배터리…삼성 “투자지속” LG “속도조절”
한국경제TV,"삼성SDI도 실적 '뚝'…""혹한기 내년까지 간다"""
전자신문,"[단독]현대차, 수소차 '넥쏘' 후속 7년 만에 나온다…내년 5월 양산"
파이낸셜뉴스,"광주광역시, 전기굴착기 보급 확대...대당 최대 5000만원 지원"
오토타임즈,"마이바흐, “전통과 미래를 모두 표현할 수 있는 차”"
더팩트,"한국앤컴퍼니, 신성장 동력 확보 잰걸음…한온시스템 인수 '막판 진통'"
연합뉴스,금호타이어 2분기 영업익 1천515억원…작년 동기보다 72% 증가(종합)
파이낸셜뉴스,"현대차·기아, 인니서 AAM 기술 실증"
이데일리,"위츠, ‘전기차 충전 인프라 특별관’ 참가…EV 충전기 선봬"
데일리안,'33년차 소방관의 당부' 유튜브 3천만 뷰…현대차 소방관 500명에 간식차 보냈다
스포츠동아,"‘앞 유리 직격’ KIA 소크라테스, 2024 기아 홈런존 두 번째 주인공…기아 ‘EV3’ 증정, 개인 두 번째"
한국경제,제대로 대박 났다…2030 여성들 푹 빠진 車 뭐길래
조선비즈,"[특징주] 현대차, 영업익 4.2조로 역대 분기 최대… 5%대 오름세"
연합뉴스,"폴스타4, 내달 13일 국내 첫 공개…전시장 '스웨디시 골드' 래핑"
YTN,"""화살은 어디에?""…랭킹 1위 상대로 1점 쏜 선수에 응원 '봇물'"
디지털타임스,"33년차 소방관의 당부…현대차그룹 `사륙, 사칠` 3000만뷰 달성"
노컷뉴스,"광주광역시, 친환경 전기굴착기 보급 늘린다"
스포츠조선,"'니로→EV3' 소크라테스, 1년 만에 자동차 또 받는다…최형우 이어 13일 만에 KIA 홈런존 직격"
한겨레,"‘조정자 자처’ 이탈리아 멜로니, EU-중국 대화 물꼬 틔울까"
연합뉴스,"韓, 인니에 2분기에만 1.8조원 투자…美日 꺾고 3위에 올라"
전자신문,"광주시, 전기굴착기 보급 늘린다…대당 최대 5천만원 지원"
연합뉴스,"캐즘에 삼성SDI 2분기 영업익 38% 급감…""투자계획 큰변동 없다""(종합2보)"
더팩트,"금호타이어, 2분기 영업익 1515억…전년比 72.0%↑"
한국경제,"금호타이어, 2분기 영업익 1515억…전년비 72% ↑"
SBS Biz,발 넓히는 한국…2분기에만 인도네시아 투자 1.8조원
머니투데이,"광주광역시, 노후 건설기계 감축하고 전기굴착기 보급 늘려"
SBS Biz,"[글로벌 비즈] 맥도날드, 3년 6개월 만에 매출 감소"
더팩트,"[시황] 코스피, 외인·기관 '사자' 2770선 회복···삼성전자 3.58%↑"
국제신문,[증시와이드] ‘트럼프 트레이드’와 시장 변동성
오토타임즈,"기아, “EV3는 트렌드 신기술 집합체”"
파이낸셜뉴스,"""해외수주 확대"" ESG경영 속도내는 현대모비스"
지디넷코리아,"삼성SDI, 2분기 영업익 38%↓...""4분기 수요 회복 기대"""
매경이코노미,국내외 트럼프 수혜주…보호무역에 국내 조선·바이오 ‘땡큐’
파이낸셜뉴스,"""지상이든 항공이든 부르면 온다""...현대차, AAM 실증 본격 시동"
매일경제,재계서 잘나가는 인도네시아 대사 출신들
시사저널,"테슬라, 모건스탠리 車 최고 선호주로 꼽혀…주가 5.6%↑"
전자신문,"로터스코리아, 첫 서비스센터 개소…고객 인도 준비"
한국경제,"지상과 하늘 연결한다…현대차·기아, 인도네시아 AAM 사업 첫 발"
머니투데이,"테슬라, 모건스탠리 '자동차 최고 선호주'로 꼽혀…주가 5.6%↑"
머니투데이,"'특수 변압기' 산일전기, 코스피 상장 첫날 28% 상승"
국민일보,"현대차그룹, 인니서 AAM 생태계 구축"
문화일보,삼성SDI 2분기 영업이익 2802억 원…전년 대비 37.8% 감소
한경비즈니스,"삼성SDI, 2분기 영업익 37.8%↓…""캐즘에도 투자 계속"""
한국경제,"교통안전공단, 국내 첫 모빌리티지원센터로 산업 활성화 주도…자율차·UAM·드론 안전체계 마련도 적극 나서"
조선비즈,"현대차·기아, 인도네시아 AAM 사업 첫발"
매일경제,"한국도 ‘꿈의 배터리’ 내놓나…삼성SDI “공법 확정, 투자계획 변동없다”"
뉴시스,"삼성전자 훈풍 탄 코스피, 1.19% 오른 2770선 마감[마감시황]"
SBS Biz,삼성 美 로비금액 역대 최대…대선100일 4대그룹 분주
뉴시스,"진주시, 하반기 친환경 전기자동차 보급사업 추진"
파이낸셜뉴스,불확실성 커진 칩스법·IRA… 대기업 ‘美 로비액’ 더 늘렸다
한국경제,광주 '2030 대전환'…AI·미래차 + 문화콘텐츠산업 도시로
뉴시스,"익산소방서 ""생활 속 리튬이온배터리 화재 주의하세요"""
매일경제,"포스코퓨처엠, 탄소중립 주제로 푸른꿈 환경캠프 개최"
한국경제,"토요타, 인증부정 스캔들 영향에 6월 생산·판매 감소"
디지털타임스,"`캐즘 여파` 삼성SDI, 2분기 영업이익 37.8% 감소"
매일경제,금호타이어 2분기도 '씽씽' 영업익 72%늘어 역대 최고
파이낸셜뉴스,"""강원형 반도체 생태계 구축… 삼성 같은 대기업 유치할것""[로컬 포커스 자치단체장을 만나다]"
디지털타임스,"금호타이어, 2분기 영업익 1515억원…전년比 72%↑"
한국경제,[책마을] '전기차 지각생' 도요타가 살아남을 전략은
뉴시스,시 주석 “실크로드 계승” vs 伊 총리 “균형과 시장의 공정”
노컷뉴스,전국 최초 '해저터널구조대' 출범…특수구조대원 13명 투입
디지털타임스,"""투자 신중"" vs ""최선호주""…테슬라, 월가서도 평가 엇갈려"
매일경제,‘도로 역주행’ 전기자전거 탄 80대…중앙선 넘으려다 車에 치여 사망
노컷뉴스,"갑작스런 친중행보 伊 총리, EU 中제재 판 흔드나?"
더팩트,"대구경북기업 이모션, KAIST와 손잡고 원격제어 자율주행기술 실증 사업 착수"
매일경제,"‘하반기 출격 태세’ 로터스자동차코리아, 공식 서비스센터 개소"
연합뉴스,"""中 자동차 가격전쟁 속 부품업체들 '울상'…R&D 투자도 감소"""
파이낸셜뉴스,"'美 대선 정보전쟁'..韓대기업, 위싱턴 로비액 최대"
SBS Biz,"[트렌딩 핫스톡] 테슬라, 모건스탠리의 '자동차 최고 선호주'⋯주가 5% 넘게 상승"
머니투데이,"33년차 소방관의 응원 메시지…현대차 유튜브, 3주 만에 3000만뷰 돌파"
한국경제,"""POSCO홀딩스, 중국 정부 정책 또는 배터리 반등 필요""-NH"
조선일보,[朝鮮칼럼] 한전 하루 이자만 120억… 전기 요금 정상화 시급하다
동아일보,"롯데이노베이트, 신안산선 철도통신시스템 사업 수주… “차별화된 철도 IT 역량 자신있다”"
대전일보,"충남소방본부, 전국 최초 '해저터널구조대' 출범"
뉴시스,"삼성SDI, 2분기 영업익 38%↓…캐즘에 배터리 실적 '부진'"
한경비즈니스,"테슬라, 주가 5.6% 치솟은 이유…“모건스탠리 자동차 부문 최고 선호주”"
오토타임즈,"로터스, 국내 첫 인증 서비스센터 개소"
파이낸셜뉴스,"삼성SDI, 캐즘에 2분기도 주춤… ""배터리 투자 축소 없다"""
SBS Biz,"[이재모의 기업탐방] 뉴욕증시, FOMC·실적 등 경계감에 보합권 혼조"
머니투데이,미국 나스닥 급락 영향…보합권 출발한 코스피·800선 넘나드는 코스닥
국민일보,"현대차그룹 소방관 회복지원 영상, 3주만에 3000만뷰"
경향신문,“터널서 재난 발생 시 골든타임 확보”…충남 ‘해저터널구조대’ 출범
MBN,"자전거 타던 80대, 중앙선 넘으려다 차에 치여 사망"
뉴시스,"에코프로, 캐즘 '직격탄'…2분기 영업손실 546억원"
오토타임즈,"금호타이어, 2분기 매출 1조1,319억원..전년 比 12.7%↑"
SBS Biz,[트렌딩 핫스톡] 테슬라 에너지 사업·AI 기술 상업적 활용 기회에 주목
연합뉴스,'캐즘 여파' 에코프로 2분기 영업손실 546억원…적자 전환(종합)
한국경제,"""왜 망설였는지 모르겠네""…2030 푹 빠질 '팔방미인' 전기차 [신차털기]"
헤럴드경제,"전기차 대중화 이끌 EV3, 최고 실용성 [김성우의 시승기-기아 EV3]"
오토타임즈,"'33년차 소방관의 당부'..유튜브 조회수 3,000만회 달성"
한국경제,"TK 공공기관, 자체예산 투입 '알짜기업' 육성"
뉴시스,"현대차그룹, 소방관 지원 수소버스 영상 3000만뷰 돌파"
매일경제,"“후배야, 다치지 마라”…소방관의 당부, 영상으로 담은 현대차그룹"
연합뉴스,"KB증권, LG헬로비전 목표가↓…""홈쇼핑 업황 둔화"""
지디넷코리아,"'철도 IT 강자' 롯데이노베이트, 신안산선 사업 수주로 '200억' 잭팟"
동아일보,"핫플 성수동 상륙한 초호화 전기차… 벤츠코리아, 3번째 마이바흐 ‘EQS680 SUV’ 첫선"
연합뉴스,지지부진 독일 vs 살아나는 남유럽…ECB 금리결정 '진퇴양난'
뉴시스,"세계 전기차 생산 45% '뚝'…현대차 ""하이브리드 확대"""
경향신문,"포스코, 중기 금융지원 확대···“철강 생태계 동반성장”"
머니투데이,"금호타이어 2분기 매출 1조1319억…""역대 두번째 실적"""
파이낸셜뉴스,'글로벌 경제도시' 꿈꾸는 원강수 원주시장 [로컬 포커스 자치단체장을 만나다]
헤럴드경제,‘궁극적 럭셔리’ 마이바흐 첫 순수 전기차 상륙
SBS Biz,"테슬라 부활?…모건스탠리 ""자동차 최고 선호주"" [글로벌 뉴스픽]"
전자신문,"충남 소방본부, 전국 최초 '보령 해저터널 구조대' 출범"
노컷뉴스,"금호타이어, 3분기 연속 13% 이상 영업이익 달성"
연합뉴스,"테슬라, 모건스탠리의 '자동차 최고 선호주'…주가 5.6%↑(종합)"
데일리안,"금호타이어, 2분기 영업이익 1515억…전년비 72%↑"
헤럴드경제,"현대차, 유엔세계식량계획과 모빌리티 파트너십 체결…“전기차 및 충전 인프라 제공”"
아이뉴스24,금호타이어 2분기 영업익 1515억…전년비 72%↑
데일리안,[시승기] “전기차 이래도 안 살래?” 기아 EV3의 도발
SBS Biz,[글로벌 비즈 브리핑] 최신 아이폰도 '메이드 인 인디아' 外
연합뉴스,"테슬라, 모건스탠리의 '자동차 최고 선호주'…주가 장중 6%↑"
전자신문,"삼성SDI, 2분기 영업익 2802억원…전년比 38%↓"
지디넷코리아,"에이치시티, 상반기 매출 438.9억…역대 최대 실적"
시사저널,[충남24시]전국 최초 ‘해저터널구조대’ 출범
한겨레,보령서 전국 첫 해저터널구조대 출범
지디넷코리아,"中 정부, 전기차 구매 보조금 늘렸다"
머니투데이,"트럼프 이어 해리스 트레이드…증시 변동성 확대, 대응법은?"
한국경제TV,전기차 연구 박차 中 기업들...테슬라 앞지를까
한국경제TV,모건스탠리가 픽했다…테슬라 '폭풍질주'
전자신문,"에이스웍스, 기존보다 50배 빠른 초고속 배터리셀 시뮬레이터 출시"
동아일보,FOMC 앞둔 뉴욕증시 보합…테슬라 주가 5.6% 급등[딥다이브]
한국경제TV,"이볼루션, 'Charge할 때만 차지하기'로 전기차 사용문화 개선에 앞장"
매일경제,"""바닥 아래 바닥 있다"" 속절없는 中펀드"
연합뉴스,"충남소방본부, 전국 첫 해저터널구조대 출범"
뉴시스,"에이치시티, 상반기 사상 최대 매출 달성…영업익 56억"
동아일보,"금호타이어, 2분기 역대 두번째 실적↑"
오토타임즈,"[시승]누구나 좋아할 만한 전기차, 기아 EV3"
매일경제,[글로벌포커스] 트럼프가 때려도 끄떡없는 中
파이낸셜뉴스,"세계 전기차 운전자의 30%, '가솔린차가 그리워'"
SBS,"왕이, EU 외교수장에 ""전기차 관세는 보호무역주의"""
시사저널,美 대선 ‘불똥’…‘페이팔 마피아’ 우정 금갔다
서울경제,"포르쉐, 전기차 판매 목표 변화 시사···시장 상황에 유연 대응 예고"
경기일보,"[경기도 혁신의 중심, 유망중소기업] ㈜아이스기술"
SBS Biz,"모건스탠리 ""테슬라, 자동차 최고 선호주""…주가 장중 6%↑"
한국경제,"에코캡, 2028년까지 물량 확보…미국 시장 공략"
전자신문,"에이치시티, 상반기 영업익 56억원 기록"
뉴시스,"中왕이 ""중국 전기차에 관세는 보호무역주의""…EU와 회담"
파이낸셜뉴스,"삼성화재, 모빌리티 일상생활 서비스 'Car케어' 오픈"
조선비즈,쿠페형 SUV·소형 전기차·픽업트럭… 신차 줄줄이 대기
지디넷코리아,"자동차 부문 '톱픽' 테슬라, 주가 6% 급등"
SBS Biz,'1km라도 더'…가성비 전기차 주행거리 확보 각축전
전자신문,"롯데이노베이트, 신안산선 철도통신시스템 사업 수주"
조선일보,트럼프 vs 반 트럼프...정치 싸움에 깨진 ‘페이팔 마피아’ 우정
연합뉴스,[시승기] 전기차를 편하고 효율적으로 모는 법…기아 야심작 EV3
뉴시스,"충남도, 지역 국회의원들과 ‘국비 11조 시대’ 다짐"
연합뉴스,"왕이, EU 외교수장에 ""전기차 관세는 보호무역주의"""
연합뉴스,머스크의 트럼프 지지는 바이든의 '투명인간 취급' 때문인듯
연합뉴스TV,"[3분증시] 뉴욕증시, FOMC·빅테크 실적 경계에 혼조…다우만 0.12%↓ 外"
SBS Biz,'1km라도 더'…가성비 전기차 주행거리 확보 각축전
SBS Biz,[굿모닝 마켓] 빅 이벤트 앞두고 관망세…중소형주 상승하나?
오토타임즈,"[시승] 플래그십의 새로운 대안, 렉서스 LM500h"
문화일보,현대차 ‘소방관 회복지원’ 영상 3주만에 3000만뷰 돌파
전자신문,"광주전남중기청, '초격차 스타트업 1000+' 선정 그리네플·클리에어 현판 전달"
연합뉴스,"삼성화재, 모바일로 종합차량관리 '카 케어' 서비스 출시"
노컷뉴스,"車의 모든 것 'Car케어'에서…삼성화재, 서비스 오픈"
세계일보,"현대모비스, 2분기 영업이익 4.2% 감소… 전기차 수요 정체 영향"
디지털타임스,"""차량관리 결과 모바일로""... 삼성화재 `카 케어`"
전자신문,"에코프로, 2분기 적자 전환"
아이뉴스24,"기아, 판매감소에도 불구하고 최대 실적...""고수익·전기차 판매 확대"""
뉴스1,"""1400만원씩 턱턱 깎아준다""…수입 전기차 눈물의 할인 경쟁"
쿠키뉴스,"현대모비스, 2분기 영업이익 전년비 4.2%↓…“전기차 캐즘 여파”"
뉴시스,"인천 빌라 주차장 차 3대 불타…""SUV 전기적 요인 발화"""
전자신문,"현대차그룹, 소방관 회복지원 영상 공개 3주만에 3000만뷰 돌파"
데일리안,"[컨콜] 기아 ""전기차 캐즘 상황서 EV 전환 무리수 안둘 것"""
SBS,"현대차그룹 소방관 회복 지원 영상, 공개 3주 만에 3천만 뷰 돌파"
데일리안,"[컨콜] 삼성SDI ""각형 배터리 수요 증가…오랜시간 축적한 노하우로 차별화된 경쟁력 보유"""
더팩트,"삼성SDI, 2분기 영업익 2802억원…전년比 38%↓"
연합뉴스,"현대차그룹 소방관 회복지원 영상, 공개 3주만에 3천만뷰 돌파"
한겨레,"‘트럼프 미국’ 다시 겪을까…유럽, 위기 대응 TF까지 가동"
조선일보,현대차그룹 상반기 판매 3년 연속 세계 3위 확실
한국경제TV,"리튬 가격, 고점 대비 85% 하락에도 추가하락 전망 등장 [최보화의 글로벌 ETF·원자재 시황]"
국민일보,"[기고] 친환경 자동차, 공공교통에 먼저"
매일경제,현대모비스 2분기 실적 ‘뒷걸음’…전기차 시장 정체 영향
디지털타임스,"머스크의 트럼프 전폭 지지, 바이든 때문?"
한국경제TV,"바이든 대통령, 대법원 개혁 추진&모간스탠리, 테슬라 '최선호주' 선정 [굿모닝 글로벌 이슈]"
경향신문,"배터리 현지 생산 이어 ‘에어택시’까지…현대차그룹, AAM 기술 실증 공개로 인도네시아 시장 공략 가속"
KBS,"자전거 타다 중앙선 넘으려던 80대 남성, 차에 치여 사망"
데일리안,"삼성화재, 모빌리티 일상생활 서비스 Car케어 오픈"
연합뉴스,캐딜락 전기차 '리릭' 앰배서더로 박태환 선정
동아일보,"현대차그룹, 인니서 지상-항공 통합 모빌리티 소개"
머니투데이,맥도날드 5달러 세트 불티난다…실적악화에도 기대감 상승 [뉴욕마감]
파이낸셜뉴스,"[특징주] PI첨단소재, 2분기 호실적에 3%대 강세"
국민일보,"현대차·기아, 상반기 사상 최대 실적…고환율·고부가가치 차량 판매 주효"
매일경제,"LS MnM, 제12회 사이언스캠프 개최"
데일리안,"""머스크, '테슬라 홀대' 바이든에 서운해 트럼프 지지"""
뉴스1,"현대차·기아 '전기차·HEV' 프랑스서 씽씽…""10대 팔면 6대는 친환경차"""
아이뉴스24,"롯데이노베이트, 신안산선 본선 철도통신시스템 사업 수주"
파이낸셜뉴스,"신안산선 통신시스템, 롯데이노베이트가 구축한다"
동아일보,월 138만원 기본소득을 줬다…미국에서 3년 실험해보니[딥다이브]
디지털타임스,"롯데이노베이트, 신안산선 본선 철도통신시스템 구축사업 수주"
연합뉴스,"암참, 한미 통상 강화 산업별 권고사항 담은 리포트 발간"
서울신문,LG전자 ‘전기차 충전’ 서울시와 손잡았다
연합뉴스,"현대차그룹, 인도네시아 정부에 미래항공모빌리티 기술 소개"
문화일보,현대모비스 2분기 영업이익 4.2% 하락···전기차 수요둔화 여파
더팩트,"뉴욕증시, FOMC 결과 앞두고 혼조세…테슬라 5.6%↑·엔비디아 1.3%↓"
연합뉴스,정치싸움에…머스크 등 '페이팔 마피아' 우정 금갔다
한국경제TV,43%에 이어 14% 상승…산일전기 이틀 연속 강세
MBN,571회_모기 감염병과 화재 예방요령
연합뉴스,"미래에셋 ""HL만도, 가시적 외형성장 지속 전망…목표가↑"""
SBS Biz,[김대호 박사의 오늘의 키워드] FOMC 빅스텝·테슬라 톱픽·마두로 마술·집 나간 내수·구영배 꼼수
데일리안,"[컨콜] 삼성SDI ""46파이 양산 차질 없이 진행 중…양산 시점 1년 앞당겨"""
국민일보,"현대차그룹, 인도네시아에서 미래항공모빌리티 시연"
매일경제,[포토] 포스코퓨처엠 환경캠프
파이낸셜뉴스,"아우디, 전기차 앞세워 韓시장 문 다시 두드린다"
전자신문,"현대차·기아, 인니 AAM 상용화 첫발…'지상-항공' 통합 기술 실증"
SBS Biz,"[증시전략] 애플, '애플 인텔리전스' 모델 구글 TPU 사용해 학습"
디지털타임스,`유연생산`으로 테슬라 꺾은 현대차·기아
연합뉴스,"현대차, '사륙, 사칠' 영상 유튜브 조회수 3천만 뷰 달성"
연합뉴스,"현대차, '사륙, 사칠' 영상 유튜브 조회수 3천만 뷰 달성"
연합뉴스,"현대차, '사륙, 사칠' 영상 유튜브 조회수 3천만 뷰 달성"
한국경제,"'이중고' 포스코퓨처엠…증권가 ""버티는 수밖에 없다"""
데일리안,‘연두색 번호판+전기차 캐즘’ 악조건에도… 마이바흐 ‘정면 돌파’
SBS Biz,[어제장 오늘장] 2차전지 실적 빅데이…흔들릴까 반등할까?
SBS Biz,"포드 CFO ""전기차 포기하지 않을 것"""
전자신문,"벤츠, 마이바흐 첫 전기차 'EQS SUV' 韓 출시"
뉴시스,"美뉴욕증시, FOMC 등 앞두고 혼조 마감…나스닥 0.07%↑"
SBS Biz,"[부자들의 투자노트] 포드 CFO ""전기차 포기하지 않을 것"""
연합뉴스,현대모비스 2분기 영업이익 4.2%↓…전기차 수요둔화 여파(종합)
한국경제,"[취재수첩] 역대급 실적 쓴 기아, 다시 한번 도약하려면"
뉴시스,"""전기차 주행거리 고민 끝""…EV3가 '최고'인 이유[시승기]"
조선비즈,"‘시총 1조원’ 산일전기, 이번 주 코스피 입성… 피앤에스미캐닉스 코스닥 데뷔"
머니투데이,"삼성SDI ""46파이, 계획보다 1년 빠른 2025년 초 양산"""
한국경제TV,"머스크, 트럼프 지지한 속사정...바이든 '냉대'"
파이낸셜뉴스,"럭셔리 마이바흐, 엔진차 포기할 수 있나...전기차 전환기 전략은 [FN 모빌리티]"
뉴스1,"[IR]에코프로비엠 ""전기차 성장 둔화…중장기 양극재 캐파 속도조절"""
조선비즈,[Why] 민주당에만 투표했다던 머스크가 공화당으로 노선 바꾼 이유
스포츠동아,"캐딜락, 브랜드 첫 순수 전기 SUV 리릭 앰버서더에 ‘한국 수영의 전설’ 박태환 선정"
머니투데이,남은 빅테크 실적에 기대…나스닥 +0.07% 다우 -0.12%
서울경제,전기차 캐즘에···에코프로 2분기 적자 폭 확대
매경이코노미,밥캣 보낸 두산에너빌리티 전망은…체코 원전 수주가 성장 마중물
조선비즈,"포스코, 中企 금융지원… 철강 생태계 동반성장 꾀한다"
디지털타임스,"테슬라 5.6% 껑충, 홀로 소외된 엔비디아…`2대 이슈`에 갖힌 美증시"
뉴시스,"""최고급 럭셔리 SUV""…'마이바흐 전기차'는 달랐다"
조선일보,"현대모비스, 2분기 전기차 캐즘 여파로 이익 4% 줄어"
매경이코노미,"“캐즘에 결국”…LG엔솔, 출범 이후 매출 목표 첫 역성장 [재계 TALK TALK]"
전자신문,테슬라 4680 이상기류…차세대 원통형 배터리 개화 늦어지나
국제신문,[화요경제 항산항심] 비트코인 가격이 미 대통령을 결정한다고?
한겨레,"강남구, 전기차 충전기 둔 공영주차장에 질식소화포 설치"
국제신문,‘뉴 르노 그랑콜레오스’ 생산 돌입…부산공장 르네상스 ‘시동’
데일리안,"너도나도 '속도조절' 하는데…삼성 SDI 최윤호, 공격 투자 '고? 스톱?'"
한국경제TV,"와이씨, 삼성전자에 HBM장비 공급…의미는? <장 안의 화제>"
뉴시스,"정부, 물가 뛸까 노심초사…우유가격 동결에 한숨 돌렸다"
세계일보,"LG전자, 24년 만에 기업 광고 선보여"
비즈워치,"현대모비스, 글로벌 수주·ESG 두 토끼 잡은 비결"
한국경제TV,"""앱 다운받고 리뷰 남기면 생기는 일""…채비, 충전 크레딧·비타민 음료 증정 이벤트"
파이낸셜뉴스,"모건스탠리 ""최고 자동차 종목은 테슬라""...주가 폭등"
비즈워치,'LG전자=스마트 라이프 솔루션' 공식 확실히 세운다
오마이뉴스,"아, 이 계곡길은 빨리 가면 갈수록 손해구나"
kbc광주방송,자전거 역주행 중 중앙선 넘으려던 80대..차에 치여 숨져
농민신문,전기차 배터리 ‘열폭주’ 실시간 예측 원천기술 개발
한국경제,전기차 캐즘 여파…LG화학 목표가 '줄하향'
SBS,"[자막뉴스] ""머스크의 트럼프 지지는 '이것' 때문이다?"""
비즈워치,"LG엔솔, 전기차 '캐즘' 충격 컸다…영업익 '반토막'"
한국경제,中CATL 4.4兆 벌 때 … 1兆도 못번 LG엔솔
SBS Biz,[김대호 박사의 오늘 기업·사람] 쿠팡·신세계·네이버 CATL·LG엔솔·SK온
IT동아,마이바흐 첫 전기차 ‘EQS SUV’ 출시…주행가능 거리 612km
KBS,현대모비스 2분기 영업이익 4.2%↓…전기차 수요둔화 여파
머니투데이,"POSCO홀딩스, 밀마진이 2분기 살렸다…철강·배터리 여전히 어려워-NH"
동아일보,자원외교로 공급망 다변화 완성해야[기고/강천구]
더팩트,"완주군의회, ‘생활기술 교육’ 개강식 참석…교육생 응원"
파이낸셜뉴스,"[인터뷰]""공격적 성장 기조… 글로벌 물류기업으로 사업 다각화 가속""[fn C라운지]"
데일리안,마이바흐 최초 전기차 'EQS SUV' 출시… 2억2500만원
지디넷코리아,"""가장 위험한 곳, 가장 먼저""…전세계 3천만이 공감한 '33년 소방관'의 당부"
프레시안,"전북하이텍고, 완주군민 생활기술교육 재능기부…일자리 창출 기대"
뉴스1,"미국, 중국산 전기차 관세인상 최소 2주 미룬다"
한국경제,[이슈프리즘] '넘사벽' TSMC·애플의 교훈
뉴시스,"LS, '배·전·반' 사업 전방위 확대…'양손잡이 경영' 속도"
뉴시스,'5126번 실패' 딛은 창업자 제임스[다이슨 혁신의 힘①]
데일리안,"의왕시, 민선 8기 공약 '전기차 충전시설 확충' 목표 달성"
지디넷코리아,'전기차 캐즘' 장기화에 LG엔솔 올해 매출 역성장 불가피
머니투데이,"삼성SDI ""각형 배터리 협력 요청 증가…수요 적극 대응"""
세계일보,SK·中 지리 경영진 회동… “모빌리티 협력 확대”
전자신문,"무협, '배터리 공급망 안정성' 핵심광물 보유국 남미와 협력 확대 제언"
프레시안,고창군 “명실상부 대한민국 최고의 생태환경 도시로 자리매김”
머니투데이,"""일등석 탄 기분""…벤츠, 마이바흐 첫 전기차 'EQS SUV' 공개"
SBS Biz,"[글로벌 비즈] 애플, 中 아이폰 순위 6위로 '뚝'"
머니투데이,"현대차 ""하이브리드로 전기차 캐즘·대외 불확실성 넘는다"""
머니투데이,"모던텍, '2024 코리아빌드'서 고품질 충전기 선보인다"
연합뉴스,최고급 전기차 국내 상륙…메르세데스-마이바흐 EQS SUV 출시
중앙일보,"최대 영업익 찍은 현대차…전기차 수요↓, 美 대선은 변수"
조선비즈,머스크 지원에 흔들리는 트럼프 정책?...전기차 비판수위 조절
뉴시스,"""美 상장 中전기차기업들, 테슬라보다 연구비 비중 ↑"""
뉴스1,"테슬라 4.08%-니콜라 1.30%, 전기차 루시드 제외 일제↓(상보)"
뉴시스,"현대차·기아, 트럼프 시대에도 성장 이어간다[트럼프 車 정책 어디로②]"
뉴시스,"한양대 오기용 교수팀, 전기차 열폭주 실시간 예측 원천 기술 개발"
머니투데이,현대모비스 2분기 영업익 6361억원...전기차 둔화에 4.2% 감소
연합뉴스,"'무역마찰' EU 분열 포석?…中, 伊에 ""조선·AI 협력하자"" 구애(종합)"
마이데일리,"두산로보틱스, 서울시·현대차·LG '전기차 충전인프라 구축' 맞손"
전자신문,"현대차, 日 법인에 글로벌 완성차 출신 현지인 임원 영입"
연합뉴스TV,"트럼프 ""전기차 반대 안해""…머스크 지지 선언에 입장 선회?"
디지털타임스,테슬라 4%·엔비디아 2% 강세…M7 동반 상승 출발 [뉴욕증시 개장]
전자신문,"현대차, 전기차 캐즘 속 '분기 최대 실적' 다시 썼다"
SBS Biz,허덕이는 K-배터리 더 잘 나가는 中 배터리
조선일보,마이바흐 첫 전기차 ‘EQS SUV’ 국내 출시
파이낸셜뉴스,"김성제 의왕시장, '전기차 충전시설 확충' 공약 목표 달성"
경향신문,"현대차, 전기차 부진 속에도 ‘질주’"
데일리안,"머스크, ""바이든 노망"" 조작된 해리스 AI 영상 퍼날라 논란"
국민일보,[경제시평] 폴리코노미 리스크
KBS,전기차·킥보드 전기 충전시설 화재 증가
머니투데이,의왕시 전기차 충전시설 120곳 운영...공약 초과 달성
머니투데이,"트럼프 ""머스크 사랑하지만…특정 전기차 여전히 반대"""
국민일보,예쁜 외모 편안한 주행… EV3로 캐즘 잡는다
뉴시스,"현대차·기아, 인니 AAM 사업 시동…""첫 실증 행사 진행"""
머니투데이,미국 FOMC·빅테크 실적 앞두고 경계감…코스피 2730선 후퇴
SBS Biz,전기차 캐즘에도 잘 나간 현대차…배터리는 직격탄
연합뉴스,"전기차 수요 둔화…LG엔솔, 2분기 AMPC 제외 2천525억원 적자(종합2보)"
동아일보,4개월 연속 1위 ‘아우디 Q4 40 e-트론’… 고급 전기차 대중화 발판
데일리안,"상복 터진 현대차, 이번엔 '밤낚시'로 국제영화제 수상까지"
한국경제,현대車의 소방관 회복 지원 영상 '3000만뷰'
지디넷코리아,"""어쩐지 몰입도 좋더라니""…현대차-손석구 '밤낚시', 세계 최고편집상 수상"
전자신문,"SK온, 中 지리그룹과 협력 강화…경영진 회동"
더팩트,"의왕시, '전기차 충전시설 확충 공약' 조기 달성"
머니투데이,"현대차·기아, 인니 AAM 사업 '첫발'…기술 실증 시연"
오토타임즈,"현대차∙기아, 인니서 미래 항공 모빌리티 사업 첫 발"
한국경제,"""기아, 2분기가 최대 실적이겠지만…여전히 저평가 구간"""
한경비즈니스,"""24년 만에""…LG전자, 안 하던 기업 광고 낸 이유"
한국경제,손석구와 현대차의 '밤낚시'…북미 최대 장르 영화제 상을 낚아채다
매일경제,마이바흐 첫 순수전기차 ‘마이바흐 EQS SUV’ 공개
머니투데이,"LG화학 '전기차 캐즘'에 영업익 급감…""양극재 투자 속도조절"""
디지털타임스,"벤츠, 마이바흐 첫 전기차 `EQS SUV` 출시…8월 인도"
비즈워치,"‘럭셔리카의 정점’…벤츠 마이바흐, 첫 전기차 출격"
지디넷코리아,"현대차·기아, 인니 하늘길 잇는다…AAM 실증행사 개최"
비즈워치,인버스가 있어 다행…2차전지 연이은 하락[ETF워치]
한겨레,밴스의 연설이 말해주는 것들 [뉴스룸에서]
동아일보,바닥 모를 리튬 가격 추락… 값싼 전기차 기대감 ‘쑥’[딥다이브]
문화일보,‘더 기아 EV3’ 타보니… 확 달라진 회생제동 울컥거림 사라졌네 [자동차]
아이뉴스24,[주간 추천주] '수익성 개선' KCC·현대차
디지털타임스,"강달러 `타격` vs `경제 좋아`, 트럼프와 옐런의 불꽃 강달러 논쟁"
노컷뉴스,'뉴 르노 그랑 콜레오스'로 스타트…르노 부산공장에 새로운 물결
머니투데이,"美 대선 D-100, 수출·투자기업 우려…정부 시나리오별 대응 세운다"
지디넷코리아,"포스코홀딩스 ""전기차 캐즘, 우량 자산 확보 기회""…뚝심 투자 지속"
머니투데이,머니투데이 오프라인 헤드라인-30일
노컷뉴스,'일대일로' 탈퇴 伊총리 中 방문해 '관계회복 행보'
연합뉴스,"""트럼프 당선땐 美 전기차시장 추가 위축…K-배터리도 영향"""
YTN,"[스타트 브리핑] ""3년 공보의 가느니 현역 입대""... 시골 보건소 비어간다]"
이데일리,"“로봇이 자동 충전”…LG-두산, ‘전기차 인프라’ 힘 합친다"
동아일보,전기차 수요둔화에 배터리업계 순익 급감
전자신문,전기차 캐즘 장기화에…LG엔솔 “올해 역성장 전망”
아이뉴스24,"""가전 회사 이미지 넘는다""…LG전자, 24년 만에 신규 기업 광고 선봬"
머니투데이,"'내연차 쌩쌩' GM, 전기차 생산 더 늦춘다"
국민일보,현대차·손석구 협업 ‘밤낚시’…판타지아국제영화제 ‘최고 편집상’ 수상
IT동아,"[주간투자동향] 딜리버스, 146억 원 시리즈B 투자 유치"
조선비즈,SK·中 지리그룹 경영진과 회동…모빌리티 협력 강화
이데일리,“전기차 수요 지연…중장기 캐파 하향조정 검토 중”-에코프로 컨콜
매일경제,"“최고의 최고”…벤츠코리아, 전기차 ‘마이바흐 EQS SUV’ 2억대 출시"
연합뉴스,"SK엔무브, 공유·이동욱 출연 신규 광고 조회수 200만뷰 돌파"
SBS Biz,"[글로벌 비즈 브리핑] 애플, 아이폰 中 순위 5위 밖으로 '미끌' 外"
디지털타임스,"바이에른 뮌헨 첫 방한…아우디코리아, 팬미팅 등 고객 행사 진행"
매경이코노미,"최고 실적인데 왜?...미국 경쟁 부담에 목표주가 하향 ‘기아’ [오늘, 이 종목]"
중앙일보,세수 빨간불인데 감세만 강조…문제점도 함께 지적해야
서울신문,"시진핑, 이탈리아에 ‘유화 제스처’...“전기차 협력·수입 확대 제안”"
경향신문,공유·이동욱 “열 받아? 안 받아!”…SK엔무브 광고 조회수 200만뷰 돌파
연합뉴스,"트럼프, '머스크 때문에 전기차 비판 수위 조절' 보도 반박"
한국경제TV,구리·알루미늄 상승세 제한 [최보화의 원자재 인사이드]
이데일리,美‘컨슈머리포트’가 뽑은 최고 전기차는 BMW iX
전자신문,"공유·이동욱의 SK엔무브 광고영상, 조회수 대박"
일간스포츠,"현대차, 영화 '밤낚시'로 ‘판타지아 국제 영화제’ 최고 편집상 수상"
세계일보,현대차 제작 단편 영화 ‘밤낚시’… 加 판타지아 영화제 최고편집상
경향신문,“배터리 원자재 확보하기 위해선 남미 ‘ABC’ 맞춤 전략 세워야”
한겨레,"‘일대일로 탈퇴’ 이탈리아, 중국에 화해 ‘손짓’…경제부진 출구 찾아"
지디넷코리아,"LG전자, 24년 만에 기업 광고 공개…'스마트 라이프 솔루션' 기업 도약"
머니투데이,현대차·손석구의 '밤낚시'…판타지아 국제 영화제 최고 편집상 수상
더팩트,"현대차·기아, 미래항공모빌리티 AAM 인니서 '실증'…""생태계 주도"""
뉴시스,"LG엔솔 ""글로벌 전기차 성장률, 20% 초반 밑돌 것"""
매일경제,"“도로에서 하늘길까지 연결”…현대차·기아, 인니서 AAM 실증행사"
아이뉴스24,SK엔무브의 공유·이동욱 출연 광고 조회수 264만뷰 돌파
IT동아,[투자를IT다] 2024년 7월 4주차 IT기업 주요 소식과 주가 흐름
세계일보,현대차 제작 단편 영화 ‘밤낚시’… 加 판타지아 영화제 최고편집상
경향신문,“배터리 원자재 확보하기 위해선 남미 ‘ABC’ 맞춤 전략 세워야”
한겨레,"‘일대일로 탈퇴’ 이탈리아, 중국에 화해 ‘손짓’…경제부진 출구 찾아"
지디넷코리아,"LG전자, 24년 만에 기업 광고 공개…'스마트 라이프 솔루션' 기업 도약"
머니투데이,현대차·손석구의 '밤낚시'…판타지아 국제 영화제 최고 편집상 수상
더팩트,"현대차·기아, 미래항공모빌리티 AAM 인니서 '실증'…""생태계 주도"""
뉴시스,"LG엔솔 ""글로벌 전기차 성장률, 20% 초반 밑돌 것"""
매일경제,"“도로에서 하늘길까지 연결”…현대차·기아, 인니서 AAM 실증행사"
아이뉴스24,SK엔무브의 공유·이동욱 출연 광고 조회수 264만뷰 돌파
IT동아,[투자를IT다] 2024년 7월 4주차 IT기업 주요 소식과 주가 흐름
세계일보,현대차 제작 단편 영화 ‘밤낚시’… 加 판타지아 영화제 최고편집상
경향신문,“배터리 원자재 확보하기 위해선 남미 ‘ABC’ 맞춤 전략 세워야”
한겨레,"‘일대일로 탈퇴’ 이탈리아, 중국에 화해 ‘손짓’…경제부진 출구 찾아"
지디넷코리아,"LG전자, 24년 만에 기업 광고 공개…'스마트 라이프 솔루션' 기업 도약"
머니투데이,현대차·손석구의 '밤낚시'…판타지아 국제 영화제 최고 편집상 수상
더팩트,"현대차·기아, 미래항공모빌리티 AAM 인니서 '실증'…""생태계 주도"""
뉴시스,"LG엔솔 ""글로벌 전기차 성장률, 20% 초반 밑돌 것"""
매일경제,"“도로에서 하늘길까지 연결”…현대차·기아, 인니서 AAM 실증행사"
아이뉴스24,SK엔무브의 공유·이동욱 출연 광고 조회수 264만뷰 돌파
IT동아,[투자를IT다] 2024년 7월 4주차 IT기업 주요 소식과 주가 흐름
세계일보,현대차 제작 단편 영화 ‘밤낚시’… 加 판타지아 영화제 최고편집상
경향신문,“배터리 원자재 확보하기 위해선 남미 ‘ABC’ 맞춤 전략 세워야”
한겨레,"‘일대일로 탈퇴’ 이탈리아, 중국에 화해 ‘손짓’…경제부진 출구 찾아"
지디넷코리아,"LG전자, 24년 만에 기업 광고 공개…'스마트 라이프 솔루션' 기업 도약"
머니투데이,현대차·손석구의 '밤낚시'…판타지아 국제 영화제 최고 편집상 수상
더팩트,"현대차·기아, 미래항공모빌리티 AAM 인니서 '실증'…""생태계 주도"""
뉴시스,"LG엔솔 ""글로벌 전기차 성장률, 20% 초반 밑돌 것"""
매일경제,"“도로에서 하늘길까지 연결”…현대차·기아, 인니서 AAM 실증행사"
아이뉴스24,SK엔무브의 공유·이동욱 출연 광고 조회수 264만뷰 돌파
IT동아,[투자를IT다] 2024년 7월 4주차 IT기업 주요 소식과 주가 흐름
세계일보,현대차 제작 단편 영화 ‘밤낚시’… 加 판타지아 영화제 최고편집상
경향신문,“배터리 원자재 확보하기 위해선 남미 ‘ABC’ 맞춤 전략 세워야”
한겨레,"‘일대일로 탈퇴’ 이탈리아, 중국에 화해 ‘손짓’…경제부진 출구 찾아"
지디넷코리아,"LG전자, 24년 만에 기업 광고 공개…'스마트 라이프 솔루션' 기업 도약"
머니투데이,현대차·손석구의 '밤낚시'…판타지아 국제 영화제 최고 편집상 수상
더팩트,"현대차·기아, 미래항공모빌리티 AAM 인니서 '실증'…""생태계 주도"""
뉴시스,"LG엔솔 ""글로벌 전기차 성장률, 20% 초반 밑돌 것"""
매일경제,"“도로에서 하늘길까지 연결”…현대차·기아, 인니서 AAM 실증행사"
아이뉴스24,SK엔무브의 공유·이동욱 출연 광고 조회수 264만뷰 돌파
IT동아,[투자를IT다] 2024년 7월 4주차 IT기업 주요 소식과 주가 흐름
세계일보,현대차 제작 단편 영화 ‘밤낚시’… 加 판타지아 영화제 최고편집상
경향신문,“배터리 원자재 확보하기 위해선 남미 ‘ABC’ 맞춤 전략 세워야”
한겨레,"‘일대일로 탈퇴’ 이탈리아, 중국에 화해 ‘손짓’…경제부진 출구 찾아"
지디넷코리아,"LG전자, 24년 만에 기업 광고 공개…'스마트 라이프 솔루션' 기업 도약"
머니투데이,현대차·손석구의 '밤낚시'…판타지아 국제 영화제 최고 편집상 수상
더팩트,"현대차·기아, 미래항공모빌리티 AAM 인니서 '실증'…""생태계 주도"""
뉴시스,"LG엔솔 ""글로벌 전기차 성장률, 20% 초반 밑돌 것"""
매일경제,"“도로에서 하늘길까지 연결”…현대차·기아, 인니서 AAM 실증행사"
아이뉴스24,SK엔무브의 공유·이동욱 출연 광고 조회수 264만뷰 돌파
IT동아,[투자를IT다] 2024년 7월 4주차 IT기업 주요 소식과 주가 흐름
세계일보,현대차 제작 단편 영화 ‘밤낚시’… 加 판타지아 영화제 최고편집상
경향신문,“배터리 원자재 확보하기 위해선 남미 ‘ABC’ 맞춤 전략 세워야”
한겨레,"‘일대일로 탈퇴’ 이탈리아, 중국에 화해 ‘손짓’…경제부진 출구 찾아"
지디넷코리아,"LG전자, 24년 만에 기업 광고 공개…'스마트 라이프 솔루션' 기업 도약"
머니투데이,현대차·손석구의 '밤낚시'…판타지아 국제 영화제 최고 편집상 수상
더팩트,"현대차·기아, 미래항공모빌리티 AAM 인니서 '실증'…""생태계 주도"""
뉴시스,"LG엔솔 ""글로벌 전기차 성장률, 20% 초반 밑돌 것"""
매일경제,"“도로에서 하늘길까지 연결”…현대차·기아, 인니서 AAM 실증행사"
아이뉴스24,SK엔무브의 공유·이동욱 출연 광고 조회수 264만뷰 돌파
IT동아,[투자를IT다] 2024년 7월 4주차 IT기업 주요 소식과 주가 흐름
세계일보,현대차 제작 단편 영화 ‘밤낚시’… 加 판타지아 영화제 최고편집상
경향신문,“배터리 원자재 확보하기 위해선 남미 ‘ABC’ 맞춤 전략 세워야”
한겨레,"‘일대일로 탈퇴’ 이탈리아, 중국에 화해 ‘손짓’…경제부진 출구 찾아"
지디넷코리아,"LG전자, 24년 만에 기업 광고 공개…'스마트 라이프 솔루션' 기업 도약"
머니투데이,현대차·손석구의 '밤낚시'…판타지아 국제 영화제 최고 편집상 수상
더팩트,"현대차·기아, 미래항공모빌리티 AAM 인니서 '실증'…""생태계 주도"""
뉴시스,"LG엔솔 ""글로벌 전기차 성장률, 20% 초반 밑돌 것"""
매일경제,"“도로에서 하늘길까지 연결”…현대차·기아, 인니서 AAM 실증행사"
아이뉴스24,SK엔무브의 공유·이동욱 출연 광고 조회수 264만뷰 돌파
IT동아,[투자를IT다] 2024년 7월 4주차 IT기업 주요 소식과 주가 흐름
세계일보,현대차 제작 단편 영화 ‘밤낚시’… 加 판타지아 영화제 최고편집상
경향신문,“배터리 원자재 확보하기 위해선 남미 ‘ABC’ 맞춤 전략 세워야”
한겨레,"‘일대일로 탈퇴’ 이탈리아, 중국에 화해 ‘손짓’…경제부진 출구 찾아"
지디넷코리아,"LG전자, 24년 만에 기업 광고 공개…'스마트 라이프 솔루션' 기업 도약"
머니투데이,현대차·손석구의 '밤낚시'…판타지아 국제 영화제 최고 편집상 수상
더팩트,"현대차·기아, 미래항공모빌리티 AAM 인니서 '실증'…""생태계 주도"""
뉴시스,"LG엔솔 ""글로벌 전기차 성장률, 20% 초반 밑돌 것"""
매일경제,"“도로에서 하늘길까지 연결”…현대차·기아, 인니서 AAM 실증행사"
아이뉴스24,SK엔무브의 공유·이동욱 출연 광고 조회수 264만뷰 돌파
IT동아,[투자를IT다] 2024년 7월 4주차 IT기업 주요 소식과 주가 흐름
세계일보,현대차 제작 단편 영화 ‘밤낚시’… 加 판타지아 영화제 최고편집상
경향신문,“배터리 원자재 확보하기 위해선 남미 ‘ABC’ 맞춤 전략 세워야”
한겨레,"‘일대일로 탈퇴’ 이탈리아, 중국에 화해 ‘손짓’…경제부진 출구 찾아"
지디넷코리아,"LG전자, 24년 만에 기업 광고 공개…'스마트 라이프 솔루션' 기업 도약"
머니투데이,현대차·손석구의 '밤낚시'…판타지아 국제 영화제 최고 편집상 수상
더팩트,"현대차·기아, 미래항공모빌리티 AAM 인니서 '실증'…""생태계 주도"""
뉴시스,"LG엔솔 ""글로벌 전기차 성장률, 20% 초반 밑돌 것"""
매일경제,"“도로에서 하늘길까지 연결”…현대차·기아, 인니서 AAM 실증행사"
아이뉴스24,SK엔무브의 공유·이동욱 출연 광고 조회수 264만뷰 돌파
IT동아,[투자를IT다] 2024년 7월 4주차 IT기업 주요 소식과 주가 흐름
세계일보,현대차 제작 단편 영화 ‘밤낚시’… 加 판타지아 영화제 최고편집상
경향신문,“배터리 원자재 확보하기 위해선 남미 ‘ABC’ 맞춤 전략 세워야”
한겨레,"‘일대일로 탈퇴’ 이탈리아, 중국에 화해 ‘손짓’…경제부진 출구 찾아"
지디넷코리아,"LG전자, 24년 만에 기업 광고 공개…'스마트 라이프 솔루션' 기업 도약"
머니투데이,현대차·손석구의 '밤낚시'…판타지아 국제 영화제 최고 편집상 수상
더팩트,"현대차·기아, 미래항공모빌리티 AAM 인니서 '실증'…""생태계 주도"""
뉴시스,"LG엔솔 ""글로벌 전기차 성장률, 20% 초반 밑돌 것"""
매일경제,"“도로에서 하늘길까지 연결”…현대차·기아, 인니서 AAM 실증행사"
아이뉴스24,SK엔무브의 공유·이동욱 출연 광고 조회수 264만뷰 돌파
IT동아,[투자를IT다] 2024년 7월 4주차 IT기업 주요 소식과 주가 흐름
세계일보,현대차 제작 단편 영화 ‘밤낚시’… 加 판타지아 영화제 최고편집상
경향신문,“배터리 원자재 확보하기 위해선 남미 ‘ABC’ 맞춤 전략 세워야”
한겨레,"‘일대일로 탈퇴’ 이탈리아, 중국에 화해 ‘손짓’…경제부진 출구 찾아"
지디넷코리아,"LG전자, 24년 만에 기업 광고 공개…'스마트 라이프 솔루션' 기업 도약"
머니투데이,현대차·손석구의 '밤낚시'…판타지아 국제 영화제 최고 편집상 수상
더팩트,"현대차·기아, 미래항공모빌리티 AAM 인니서 '실증'…""생태계 주도"""
뉴시스,"LG엔솔 ""글로벌 전기차 성장률, 20% 초반 밑돌 것"""
매일경제,"“도로에서 하늘길까지 연결”…현대차·기아, 인니서 AAM 실증행사"
아이뉴스24,SK엔무브의 공유·이동욱 출연 광고 조회수 264만뷰 돌파
IT동아,[투자를IT다] 2024년 7월 4주차 IT기업 주요 소식과 주가 흐름
세계일보,현대차 제작 단편 영화 ‘밤낚시’… 加 판타지아 영화제 최고편집상
경향신문,“배터리 원자재 확보하기 위해선 남미 ‘ABC’ 맞춤 전략 세워야”
한겨레,"‘일대일로 탈퇴’ 이탈리아, 중국에 화해 ‘손짓’…경제부진 출구 찾아"
지디넷코리아,"LG전자, 24년 만에 기업 광고 공개…'스마트 라이프 솔루션' 기업 도약"
머니투데이,현대차·손석구의 '밤낚시'…판타지아 국제 영화제 최고 편집상 수상
더팩트,"현대차·기아, 미래항공모빌리티 AAM 인니서 '실증'…""생태계 주도"""
뉴시스,"LG엔솔 ""글로벌 전기차 성장률, 20% 초반 밑돌 것"""
매일경제,"“도로에서 하늘길까지 연결”…현대차·기아, 인니서 AAM 실증행사"
아이뉴스24,SK엔무브의 공유·이동욱 출연 광고 조회수 264만뷰 돌파
IT동아,[투자를IT다] 2024년 7월 4주차 IT기업 주요 소식과 주가 흐름
세계일보,현대차 제작 단편 영화 ‘밤낚시’… 加 판타지아 영화제 최고편집상
경향신문,“배터리 원자재 확보하기 위해선 남미 ‘ABC’ 맞춤 전략 세워야”
한겨레,"‘일대일로 탈퇴’ 이탈리아, 중국에 화해 ‘손짓’…경제부진 출구 찾아"
지디넷코리아,"LG전자, 24년 만에 기업 광고 공개…'스마트 라이프 솔루션' 기업 도약"
머니투데이,현대차·손석구의 '밤낚시'…판타지아 국제 영화제 최고 편집상 수상
더팩트,"현대차·기아, 미래항공모빌리티 AAM 인니서 '실증'…""생태계 주도"""
뉴시스,"LG엔솔 ""글로벌 전기차 성장률, 20% 초반 밑돌 것"""
매일경제,"“도로에서 하늘길까지 연결”…현대차·기아, 인니서 AAM 실증행사"
아이뉴스24,SK엔무브의 공유·이동욱 출연 광고 조회수 264만뷰 돌파
IT동아,[투자를IT다] 2024년 7월 4주차 IT기업 주요 소식과 주가 흐름
세계일보,현대차 제작 단편 영화 ‘밤낚시’… 加 판타지아 영화제 최고편집상
경향신문,“배터리 원자재 확보하기 위해선 남미 ‘ABC’ 맞춤 전략 세워야”
한겨레,"‘일대일로 탈퇴’ 이탈리아, 중국에 화해 ‘손짓’…경제부진 출구 찾아"
지디넷코리아,"LG전자, 24년 만에 기업 광고 공개…'스마트 라이프 솔루션' 기업 도약"
머니투데이,현대차·손석구의 '밤낚시'…판타지아 국제 영화제 최고 편집상 수상
더팩트,"현대차·기아, 미래항공모빌리티 AAM 인니서 '실증'…""생태계 주도"""
뉴시스,"LG엔솔 ""글로벌 전기차 성장률, 20% 초반 밑돌 것"""
매일경제,"“도로에서 하늘길까지 연결”…현대차·기아, 인니서 AAM 실증행사"
아이뉴스24,SK엔무브의 공유·이동욱 출연 광고 조회수 264만뷰 돌파
IT동아,[투자를IT다] 2024년 7월 4주차 IT기업 주요 소식과 주가 흐름
세계일보,현대차 제작 단편 영화 ‘밤낚시’… 加 판타지아 영화제 최고편집상
경향신문,“배터리 원자재 확보하기 위해선 남미 ‘ABC’ 맞춤 전략 세워야”
한겨레,"‘일대일로 탈퇴’ 이탈리아, 중국에 화해 ‘손짓’…경제부진 출구 찾아"
지디넷코리아,"LG전자, 24년 만에 기업 광고 공개…'스마트 라이프 솔루션' 기업 도약"
머니투데이,현대차·손석구의 '밤낚시'…판타지아 국제 영화제 최고 편집상 수상
더팩트,"현대차·기아, 미래항공모빌리티 AAM 인니서 '실증'…""생태계 주도"""
뉴시스,"LG엔솔 ""글로벌 전기차 성장률, 20% 초반 밑돌 것"""
매일경제,"“도로에a서 하늘길까지 연결”…현대차·기아, 인니서 AAM 실증행사"
아이뉴스24,SK엔무브의 공유·이동욱 출연 광고 조회수 264만뷰 돌파
IT동아,[투자를IT다] 2024년 7월 4주차 IT기업 주요 소식과 주가 흐름
세계일보,현대차 제작 단편 영화 ‘밤낚시’… 加 판타지아 영화제 최고편집상
경향신문,“배터리 원자재 확보하기 위해선 남미 ‘ABC’ 맞춤 전략 세워야”
한겨레,"‘일대일로 탈퇴’ 이탈리아, 중국에 화해 ‘손짓’…경제부진 출구 찾아"
지디넷코리아,"LG전자, 24년 만에 기업 광고 공개…'스마트 라이프 솔루션' 기업 도약"
머니투데이,현대차·손석구의 '밤낚시'…판타지아 국제 영화제 최고 편집상 수상
더팩트,"현대차·기아, 미래항공모빌리티 AAM 인니서 '실증'…""생태계 주도"""
뉴시스,"LG엔솔 ""글로벌 전기차 성장률, 20% 초반 밑돌 것"""
매일경제,"“도로에서 하늘길까지 연결”…현대차·기아, 인니서 AAM 실증행사"
아이뉴스24,SK엔무브의 공유·이동욱 출연 광고 조회수 264만뷰 돌파
IT동아,[투자를IT다] 2024년 7월 4주차 IT기업 주요 소식과 주가 흐름
세계일보,현대차 제작 단편 영화 ‘밤낚시’… 加 판타지아 영화제 최고편집상
경향신문,“배터리 원자재 확보하기 위해선 남미 ‘ABC’ 맞춤 전략 세워야”
한겨레,"‘일대일로 탈퇴’ 이탈리아, 중국에 화해 ‘손짓’…경제부진 출구 찾아"
지디넷코리아,"LG전자, 24년 만에 기업 광고 공개…'스마트 라이프 솔루션' 기업 도약"
머니투데이,현대차·손석구의 '밤낚시'…판타지아 국제 영화제 최고 편집상 수상
더팩트,"현대차·기아, 미래항공모빌리티 AAM 인니서 '실증'…""생태계 주도"""
뉴시스,"LG엔솔 ""글로벌 전기차 성장률, 20% 초반 밑돌 것"""
매일경제,"“도로에서 하늘길까지 연결”…현대차·기아, 인니서 AAM 실증행사"
아이뉴스24,SK엔무브의 공유·이동욱 출연 광고 조회수 264만뷰 돌파
IT동아,[투자를IT다] 2024년 7월 4주차 IT기업 주요 소식과 주가 흐름
세계일보,현대차 제작 단편 영화 ‘밤낚시’… 加 판타지아 영화제 최고편집상
경향신문,“배터리 원자재 확보하기 위해선 남미 ‘ABC’ 맞춤 전략 세워야”
한겨레,"‘일대일로 탈퇴’ 이탈리아, 중국에 화해 ‘손짓’…경제부진 출구 찾아"
지디넷코리아,"LG전자, 24년 만에 기업 광고 공개…'스마트 라이프 솔루션' 기업 도약"
머니투데이,현대차·손석구의 '밤낚시'…판타지아 국제 영화제 최고 편집상 수상
더팩트,"현대차·기아, 미래항공모빌리티 AAM 인니서 '실증'…""생태계 주도"""
뉴시스,"LG엔솔 ""글로벌 전기차 성장률, 20% 초반 밑돌 것"""
매일경제,"“도로에서 하늘길까지 연결”…현대차·기아, 인니서 AAM 실증행사"
아이뉴스24,SK엔무브의 공유·이동욱 출연 광고 조회수 264만뷰 돌파
IT동아,[투자를IT다] 2024년 7월 4주차 IT기업 주요 소식과 주가 흐름
세계일보,현대차 제작 단편 영화 ‘밤낚시’… 加 판타지아 영화제 최고편집상
경향신문,“배터리 원자재 확보하기 위해선 남미 ‘ABC’ 맞춤 전략 세워야”
한겨레,"‘일대일로 탈퇴’ 이탈리아, 중국에 화해 ‘손짓’…경제부진 출구 찾아"
지디넷코리아,"LG전자, 24년 만에 기업 광고 공개…'스마트 라이프 솔루션' 기업 도약"
머니투데이,현대차·손석구의 '밤낚시'…판타지아 국제 영화제 최고 편집상 수상
더팩트,"현대차·기아, 미래항공모빌리티 AAM 인니서 '실증'…""생태계 주도"""
뉴시스,"LG엔솔 ""글로벌 전기차 성장률, 20% 초반 밑돌 것"""
매일경제,"“도로에서 하늘길까지 연결”…현대차·기아, 인니서 AAM 실증행사"
아이뉴스24,SK엔무브의 공유·이동욱 출연 광고 조회수 264만뷰 돌파
IT동아,[투자를IT다] 2024년 7월 4주차 IT기업 주요 소식과 주가 흐름
세계일보,현대차 제작 단편 영화 ‘밤낚시’… 加 판타지아 영화제 최고편집상
경향신문,“배터리 원자재 확보하기 위해선 남미 ‘ABC’ 맞춤 전략 세워야”
한겨레,"‘일대일로 탈퇴’ 이탈리아, 중국에 화해 ‘손짓’…경제부진 출구 찾아"
지디넷코리아,"LG전자, 24년 만에 기업 광고 공개…'스마트 라이프 솔루션' 기업 도약"
머니투데이,현대차·손석구의 '밤낚시'…판타지아 국제 영화제 최고 편집상 수상
더팩트,"현대차·기아, 미래항공모빌리티 AAM 인니서 '실증'…""생태계 주도"""
뉴시스,"LG엔솔 ""글로벌 전기차 성장률, 20% 초반 밑돌 것"""
매일경제,"“도로에서 하늘길까지 연결”…현대차·기아, 인니서 AAM 실증행사"
아이뉴스24,SK엔무브의 공유·이동욱 출연 광고 조회수 264만뷰 돌파
IT동아,[투자를IT다] 2024년 7월 4주차 IT기업 주요 소식과 주가 흐름
